Entity,Code,Day,"Excess mortality P-scores, all ages"
Albania,ALB,2020-01-31,-10.27
Albania,ALB,2020-02-29,4.33
Albania,ALB,2020-03-31,1.52
Albania,ALB,2020-04-30,5.62
Albania,ALB,2020-05-31,6.31
Albania,ALB,2020-06-30,8.2
Albania,ALB,2020-07-31,27.11
Albania,ALB,2020-08-31,44.5
Albania,ALB,2020-09-30,30.18
Albania,ALB,2020-10-31,42.13
Albania,ALB,2020-11-30,117.34
Albania,ALB,2020-12-31,52.93
Armenia,ARM,2020-01-31,-5.89
Armenia,ARM,2020-02-29,2.26
Armenia,ARM,2020-03-31,-6.6
Armenia,ARM,2020-04-30,-2.9
Armenia,ARM,2020-05-31,-6.72
Armenia,ARM,2020-06-30,38.05
Armenia,ARM,2020-07-31,26.37
Armenia,ARM,2020-08-31,1.09
Armenia,ARM,2020-09-30,12.72
Armenia,ARM,2020-10-31,71.71
Armenia,ARM,2020-11-30,161.57
Armenia,ARM,2020-12-31,78.76
Armenia,ARM,2021-01-31,20.8
Australia,AUS,2020-01-05,1.34
Australia,AUS,2020-01-12,0.95
Australia,AUS,2020-01-19,2.22
Australia,AUS,2020-01-26,5.12
Australia,AUS,2020-02-02,3.24
Australia,AUS,2020-02-09,4.42
Australia,AUS,2020-02-16,6.18
Australia,AUS,2020-02-23,4.49
Australia,AUS,2020-03-01,4.88
Australia,AUS,2020-03-08,4.59
Australia,AUS,2020-03-15,4.62
Australia,AUS,2020-03-22,7.28
Australia,AUS,2020-03-29,12.05
Australia,AUS,2020-04-05,11.31
Australia,AUS,2020-04-12,6.25
Australia,AUS,2020-04-19,2.91
Australia,AUS,2020-04-26,5.71
Australia,AUS,2020-05-03,3.18
Australia,AUS,2020-05-10,2.57
Australia,AUS,2020-05-17,-0.8
Australia,AUS,2020-05-24,-0.69
Australia,AUS,2020-05-31,-1.73
Australia,AUS,2020-06-07,-5.26
Australia,AUS,2020-06-14,-3.77
Australia,AUS,2020-06-21,-7.53
Australia,AUS,2020-06-28,-6.46
Australia,AUS,2020-07-05,-6.74
Australia,AUS,2020-07-12,-5.77
Australia,AUS,2020-07-19,-10.72
Australia,AUS,2020-07-26,-0.03
Australia,AUS,2020-08-02,-5.97
Australia,AUS,2020-08-09,-0.84
Australia,AUS,2020-08-16,-1.19
Australia,AUS,2020-08-23,-8.2
Australia,AUS,2020-08-30,-8.63
Australia,AUS,2020-09-06,-4.85
Australia,AUS,2020-09-13,-6.84
Australia,AUS,2020-09-20,-4.33
Australia,AUS,2020-09-27,-3.21
Australia,AUS,2020-10-04,-2.64
Australia,AUS,2020-10-11,-4.83
Australia,AUS,2020-10-18,-5.3
Australia,AUS,2020-10-25,-2.17
Australia,AUS,2020-11-01,0.62
Australia,AUS,2020-11-08,-0.5
Australia,AUS,2020-11-15,2.04
Australia,AUS,2020-11-22,-4.77
Austria,AUT,2020-01-05,-10.78
Austria,AUT,2020-01-12,-8.35
Austria,AUT,2020-01-19,0.59
Austria,AUT,2020-01-26,1.83
Austria,AUT,2020-02-02,7.06
Austria,AUT,2020-02-09,-8.43
Austria,AUT,2020-02-16,-5.06
Austria,AUT,2020-02-23,-5.65
Austria,AUT,2020-03-01,-2.62
Austria,AUT,2020-03-08,-0.55
Austria,AUT,2020-03-15,0.39
Austria,AUT,2020-03-22,14.89
Austria,AUT,2020-03-29,7.24
Austria,AUT,2020-04-05,15.3
Austria,AUT,2020-04-12,15.96
Austria,AUT,2020-04-19,11.86
Austria,AUT,2020-04-26,8.01
Austria,AUT,2020-05-03,1.05
Austria,AUT,2020-05-10,5.6
Austria,AUT,2020-05-17,1.78
Austria,AUT,2020-05-24,4.18
Austria,AUT,2020-05-31,0.25
Austria,AUT,2020-06-07,5.49
Austria,AUT,2020-06-14,1.22
Austria,AUT,2020-06-21,0.38
Austria,AUT,2020-06-28,2.73
Austria,AUT,2020-07-05,8.77
Austria,AUT,2020-07-12,0.41
Austria,AUT,2020-07-19,-1.82
Austria,AUT,2020-07-26,-2.47
Austria,AUT,2020-08-02,1.48
Austria,AUT,2020-08-09,0.48
Austria,AUT,2020-08-16,10.02
Austria,AUT,2020-08-23,3.01
Austria,AUT,2020-08-30,5.13
Austria,AUT,2020-09-06,10.59
Austria,AUT,2020-09-13,10.05
Austria,AUT,2020-09-20,10.26
Austria,AUT,2020-09-27,4.1
Austria,AUT,2020-10-04,5.07
Austria,AUT,2020-10-11,6.91
Austria,AUT,2020-10-18,7.56
Austria,AUT,2020-10-25,17.96
Austria,AUT,2020-11-01,25.31
Austria,AUT,2020-11-08,32.9
Austria,AUT,2020-11-15,47.32
Austria,AUT,2020-11-22,56.96
Austria,AUT,2020-11-29,57.94
Austria,AUT,2020-12-06,59.08
Austria,AUT,2020-12-13,54.28
Austria,AUT,2020-12-20,36.91
Austria,AUT,2020-12-27,22.81
Austria,AUT,2021-01-03,15.49
Austria,AUT,2021-01-10,8.18
Austria,AUT,2021-01-17,5.44
Austria,AUT,2021-01-24,12.24
Austria,AUT,2021-01-31,11.56
Austria,AUT,2021-02-07,2.61
Austria,AUT,2021-02-14,-4.67
Austria,AUT,2021-02-21,-5.45
Austria,AUT,2021-02-28,-8.89
Austria,AUT,2021-03-07,-13.09
Azerbaijan,AZE,2020-01-31,-4.77
Azerbaijan,AZE,2020-02-29,0.81
Azerbaijan,AZE,2020-03-31,23.09
Azerbaijan,AZE,2020-04-30,-11.46
Azerbaijan,AZE,2020-05-31,-9.38
Azerbaijan,AZE,2020-06-30,50.43
Azerbaijan,AZE,2020-07-31,29.42
Azerbaijan,AZE,2020-08-31,9.54
Azerbaijan,AZE,2020-09-30,9.24
Azerbaijan,AZE,2020-10-31,27.87
Azerbaijan,AZE,2020-11-30,79.99
Azerbaijan,AZE,2020-12-31,196.18
Belarus,BLR,2020-01-31,-6.3
Belarus,BLR,2020-02-29,-2.74
Belarus,BLR,2020-03-31,-0.83
Belarus,BLR,2020-04-30,6.33
Belarus,BLR,2020-05-31,16.4
Belarus,BLR,2020-06-30,39.56
Belgium,BEL,2020-01-05,-6.25
Belgium,BEL,2020-01-12,-1.14
Belgium,BEL,2020-01-19,-4
Belgium,BEL,2020-01-26,-8.56
Belgium,BEL,2020-02-02,-5.42
Belgium,BEL,2020-02-09,-12.39
Belgium,BEL,2020-02-16,-7.91
Belgium,BEL,2020-02-23,-6.79
Belgium,BEL,2020-03-01,-11.15
Belgium,BEL,2020-03-08,-9.41
Belgium,BEL,2020-03-15,-3.82
Belgium,BEL,2020-03-22,10.8
Belgium,BEL,2020-03-29,44.42
Belgium,BEL,2020-04-05,90.74
Belgium,BEL,2020-04-12,105.66
Belgium,BEL,2020-04-19,81.44
Belgium,BEL,2020-04-26,50.43
Belgium,BEL,2020-05-03,21.01
Belgium,BEL,2020-05-10,18.07
Belgium,BEL,2020-05-17,3.47
Belgium,BEL,2020-05-24,6.03
Belgium,BEL,2020-05-31,3.14
Belgium,BEL,2020-06-07,-3.51
Belgium,BEL,2020-06-14,2.39
Belgium,BEL,2020-06-21,-5.13
Belgium,BEL,2020-06-28,4.01
Belgium,BEL,2020-07-05,-12.37
Belgium,BEL,2020-07-12,-8.74
Belgium,BEL,2020-07-19,-2.25
Belgium,BEL,2020-07-26,-8.86
Belgium,BEL,2020-08-02,3.9
Belgium,BEL,2020-08-09,9.2
Belgium,BEL,2020-08-16,55.62
Belgium,BEL,2020-08-23,16.94
Belgium,BEL,2020-08-30,-1.42
Belgium,BEL,2020-09-06,3.03
Belgium,BEL,2020-09-13,-2.17
Belgium,BEL,2020-09-20,6.86
Belgium,BEL,2020-09-27,1.28
Belgium,BEL,2020-10-04,-1.98
Belgium,BEL,2020-10-11,2.72
Belgium,BEL,2020-10-18,7.83
Belgium,BEL,2020-10-25,32.09
Belgium,BEL,2020-11-01,66.03
Belgium,BEL,2020-11-08,84.34
Belgium,BEL,2020-11-15,68.44
Belgium,BEL,2020-11-22,51.46
Belgium,BEL,2020-11-29,37.87
Belgium,BEL,2020-12-06,25.01
Belgium,BEL,2020-12-13,25.48
Belgium,BEL,2020-12-20,21.87
Belgium,BEL,2020-12-27,17.03
Belgium,BEL,2021-01-03,9.49
Belgium,BEL,2021-01-10,3.2
Belgium,BEL,2021-01-17,-1.38
Belgium,BEL,2021-01-24,0.42
Belgium,BEL,2021-01-31,0.19
Belgium,BEL,2021-02-07,-9.64
Belgium,BEL,2021-02-14,-10.91
Belgium,BEL,2021-02-21,-8.74
Belgium,BEL,2021-02-28,-14.62
Bolivia,BOL,2020-01-31,9.22
Bolivia,BOL,2020-02-29,11.02
Bolivia,BOL,2020-03-31,-3.5
Bolivia,BOL,2020-04-30,-100
Bolivia,BOL,2020-05-31,-14.93
Bolivia,BOL,2020-06-30,93.05
Bolivia,BOL,2020-07-31,274.7
Bolivia,BOL,2020-08-31,174.62
Bolivia,BOL,2020-09-30,73.47
Bolivia,BOL,2020-10-31,30.61
Bolivia,BOL,2020-11-30,21.7
Bolivia,BOL,2020-12-31,21.95
Brazil,BRA,2020-01-31,5.13
Brazil,BRA,2020-02-29,8.99
Brazil,BRA,2020-03-31,9.76
Brazil,BRA,2020-04-30,14.6
Brazil,BRA,2020-05-31,33.35
Brazil,BRA,2020-06-30,25.2
Brazil,BRA,2020-07-31,24.51
Brazil,BRA,2020-08-31,23.84
Brazil,BRA,2020-09-30,25.24
Brazil,BRA,2020-10-31,19.99
Brazil,BRA,2020-11-30,18.3
Brazil,BRA,2020-12-31,26.62
Brazil,BRA,2021-01-31,32.72
Brazil,BRA,2021-02-28,33.29
Bulgaria,BGR,2020-01-05,-18.36
Bulgaria,BGR,2020-01-12,-11.47
Bulgaria,BGR,2020-01-19,-13.59
Bulgaria,BGR,2020-01-26,-4.59
Bulgaria,BGR,2020-02-02,-0.89
Bulgaria,BGR,2020-02-09,1.56
Bulgaria,BGR,2020-02-16,0.67
Bulgaria,BGR,2020-02-23,-5.53
Bulgaria,BGR,2020-03-01,-4.27
Bulgaria,BGR,2020-03-08,-9.64
Bulgaria,BGR,2020-03-15,-5.81
Bulgaria,BGR,2020-03-22,-5.46
Bulgaria,BGR,2020-03-29,-2.88
Bulgaria,BGR,2020-04-05,-4.24
Bulgaria,BGR,2020-04-12,-2.15
Bulgaria,BGR,2020-04-19,-2.04
Bulgaria,BGR,2020-04-26,-3.46
Bulgaria,BGR,2020-05-03,-6.06
Bulgaria,BGR,2020-05-10,-5.74
Bulgaria,BGR,2020-05-17,5.91
Bulgaria,BGR,2020-05-24,-3.81
Bulgaria,BGR,2020-05-31,-7.92
Bulgaria,BGR,2020-06-07,0.19
Bulgaria,BGR,2020-06-14,0.74
Bulgaria,BGR,2020-06-21,-1.63
Bulgaria,BGR,2020-06-28,-2.7
Bulgaria,BGR,2020-07-05,12.6
Bulgaria,BGR,2020-07-12,5.21
Bulgaria,BGR,2020-07-19,-1.39
Bulgaria,BGR,2020-07-26,0.67
Bulgaria,BGR,2020-08-02,10.17
Bulgaria,BGR,2020-08-09,6.54
Bulgaria,BGR,2020-08-16,6.17
Bulgaria,BGR,2020-08-23,4.26
Bulgaria,BGR,2020-08-30,6.43
Bulgaria,BGR,2020-09-06,7.28
Bulgaria,BGR,2020-09-13,5.27
Bulgaria,BGR,2020-09-20,2.02
Bulgaria,BGR,2020-09-27,2.19
Bulgaria,BGR,2020-10-04,2
Bulgaria,BGR,2020-10-11,4.9
Bulgaria,BGR,2020-10-18,4.82
Bulgaria,BGR,2020-10-25,15.58
Bulgaria,BGR,2020-11-01,30.86
Bulgaria,BGR,2020-11-08,53.79
Bulgaria,BGR,2020-11-15,85.81
Bulgaria,BGR,2020-11-22,111.51
Bulgaria,BGR,2020-11-29,125.45
Bulgaria,BGR,2020-12-06,120.38
Bulgaria,BGR,2020-12-13,99.06
Bulgaria,BGR,2020-12-20,77.21
Bulgaria,BGR,2020-12-27,37.49
Bulgaria,BGR,2021-01-03,24.76
Bulgaria,BGR,2021-01-10,-0.68
Bulgaria,BGR,2021-01-17,-5.03
Bulgaria,BGR,2021-01-24,-1.96
Bulgaria,BGR,2021-01-31,-3.8
Bulgaria,BGR,2021-02-07,-6.09
Bulgaria,BGR,2021-02-14,-0.47
Bulgaria,BGR,2021-02-21,5.33
Bulgaria,BGR,2021-02-28,9.37
Bulgaria,BGR,2021-03-07,16.78
Canada,CAN,2020-01-05,1.62
Canada,CAN,2020-01-12,1.63
Canada,CAN,2020-01-19,1.19
Canada,CAN,2020-01-26,3.69
Canada,CAN,2020-02-02,0.59
Canada,CAN,2020-02-09,2.16
Canada,CAN,2020-02-16,-0.61
Canada,CAN,2020-02-23,-1.03
Canada,CAN,2020-03-01,1.99
Canada,CAN,2020-03-08,2.4
Canada,CAN,2020-03-15,2.53
Canada,CAN,2020-03-22,6.12
Canada,CAN,2020-03-29,7.98
Canada,CAN,2020-04-05,17.02
Canada,CAN,2020-04-12,22.46
Canada,CAN,2020-04-19,24.24
Canada,CAN,2020-04-26,31.26
Canada,CAN,2020-05-03,29.47
Canada,CAN,2020-05-10,23.72
Canada,CAN,2020-05-17,20.44
Canada,CAN,2020-05-24,16.36
Canada,CAN,2020-05-31,18.9
Canada,CAN,2020-06-07,12.19
Canada,CAN,2020-06-14,5.41
Canada,CAN,2020-06-21,8.09
Canada,CAN,2020-06-28,7.99
Canada,CAN,2020-07-05,4.59
Canada,CAN,2020-07-12,9.97
Canada,CAN,2020-07-19,8.8
Canada,CAN,2020-07-26,6.99
Canada,CAN,2020-08-02,8.46
Canada,CAN,2020-08-09,7.86
Canada,CAN,2020-08-16,11.43
Canada,CAN,2020-08-23,12.26
Canada,CAN,2020-08-30,6.79
Canada,CAN,2020-09-06,10.94
Canada,CAN,2020-09-13,7.86
Canada,CAN,2020-09-20,9.8
Canada,CAN,2020-09-27,13.21
Canada,CAN,2020-10-04,9.36
Canada,CAN,2020-10-11,11.31
Canada,CAN,2020-10-18,9.3
Canada,CAN,2020-10-25,10.1
Canada,CAN,2020-11-01,11.02
Canada,CAN,2020-11-08,18.34
Canada,CAN,2020-11-15,15.64
Canada,CAN,2020-11-22,13.07
Canada,CAN,2020-11-29,10.98
Canada,CAN,2020-12-06,13.36
Canada,CAN,2020-12-13,14.36
Chile,CHL,2020-01-05,7.62
Chile,CHL,2020-01-12,11.38
Chile,CHL,2020-01-19,8.65
Chile,CHL,2020-01-26,2.71
Chile,CHL,2020-02-02,2.89
Chile,CHL,2020-02-09,8.54
Chile,CHL,2020-02-16,4.13
Chile,CHL,2020-02-23,0.98
Chile,CHL,2020-03-01,5.69
Chile,CHL,2020-03-08,5.35
Chile,CHL,2020-03-15,7.32
Chile,CHL,2020-03-22,11.17
Chile,CHL,2020-03-29,8.84
Chile,CHL,2020-04-05,10.26
Chile,CHL,2020-04-12,3
Chile,CHL,2020-04-19,9.27
Chile,CHL,2020-04-26,5.57
Chile,CHL,2020-05-03,5.23
Chile,CHL,2020-05-10,19.75
Chile,CHL,2020-05-17,19.56
Chile,CHL,2020-05-24,34.7
Chile,CHL,2020-05-31,53.65
Chile,CHL,2020-06-07,68.71
Chile,CHL,2020-06-14,64.87
Chile,CHL,2020-06-21,53.87
Chile,CHL,2020-06-28,44.15
Chile,CHL,2020-07-05,28.49
Chile,CHL,2020-07-12,25.67
Chile,CHL,2020-07-19,16.05
Chile,CHL,2020-07-26,13.8
Chile,CHL,2020-08-02,13.18
Chile,CHL,2020-08-09,10.46
Chile,CHL,2020-08-16,8.29
Chile,CHL,2020-08-23,16.72
Chile,CHL,2020-08-30,15.03
Chile,CHL,2020-09-06,8.12
Chile,CHL,2020-09-13,11.58
Chile,CHL,2020-09-20,8.47
Chile,CHL,2020-09-27,11.36
Chile,CHL,2020-10-04,12.97
Chile,CHL,2020-10-11,19.46
Chile,CHL,2020-10-18,16.46
Chile,CHL,2020-10-25,17.55
Chile,CHL,2020-11-01,16.74
Chile,CHL,2020-11-08,15.03
Chile,CHL,2020-11-15,11.7
Chile,CHL,2020-11-22,12.45
Chile,CHL,2020-11-29,16.12
Chile,CHL,2020-12-06,17.51
Chile,CHL,2020-12-13,15.72
Chile,CHL,2020-12-20,14.81
Chile,CHL,2020-12-27,30.56
Chile,CHL,2021-01-03,27.47
Chile,CHL,2021-01-10,26.26
Chile,CHL,2021-01-17,31.94
Chile,CHL,2021-01-24,42.29
Chile,CHL,2021-01-31,33.18
Chile,CHL,2021-02-07,36.62
Chile,CHL,2021-02-14,35.82
Chile,CHL,2021-02-21,35.06
Chile,CHL,2021-02-28,35.5
Chile,CHL,2021-03-07,38.68
Colombia,COL,2020-01-05,5.66
Colombia,COL,2020-01-12,9.53
Colombia,COL,2020-01-19,7.01
Colombia,COL,2020-01-26,7.35
Colombia,COL,2020-02-02,5.31
Colombia,COL,2020-02-09,9.14
Colombia,COL,2020-02-16,10.25
Colombia,COL,2020-02-23,10.44
Colombia,COL,2020-03-01,5.38
Colombia,COL,2020-03-08,4.9
Colombia,COL,2020-03-15,1.89
Colombia,COL,2020-03-22,4.12
Colombia,COL,2020-03-29,0.15
Colombia,COL,2020-04-05,-2.59
Colombia,COL,2020-04-12,-0.59
Colombia,COL,2020-04-19,1.37
Colombia,COL,2020-04-26,1.06
Colombia,COL,2020-05-03,-1.97
Colombia,COL,2020-05-10,1.46
Colombia,COL,2020-05-17,0.78
Colombia,COL,2020-05-24,4.06
Colombia,COL,2020-05-31,4.88
Colombia,COL,2020-06-07,12.4
Colombia,COL,2020-06-14,17.35
Colombia,COL,2020-06-21,25.85
Colombia,COL,2020-06-28,32.45
Colombia,COL,2020-07-05,35.01
Colombia,COL,2020-07-12,47.17
Colombia,COL,2020-07-19,62.55
Colombia,COL,2020-07-26,76.37
Colombia,COL,2020-08-02,83.35
Colombia,COL,2020-08-09,75.56
Colombia,COL,2020-08-16,71.71
Colombia,COL,2020-08-23,63.15
Colombia,COL,2020-08-30,54.21
Colombia,COL,2020-09-06,49.5
Colombia,COL,2020-09-13,46.75
Colombia,COL,2020-09-20,41.05
Colombia,COL,2020-09-27,43.41
Colombia,COL,2020-10-04,37.98
Colombia,COL,2020-10-11,41.11
Colombia,COL,2020-10-18,42.08
Colombia,COL,2020-10-25,47
Colombia,COL,2020-11-01,38.14
Colombia,COL,2020-11-08,41.06
Colombia,COL,2020-11-15,37.68
Colombia,COL,2020-11-22,39.67
Colombia,COL,2020-11-29,38.07
Colombia,COL,2020-12-06,33.51
Colombia,COL,2020-12-13,42.2
Colombia,COL,2020-12-20,42.33
Colombia,COL,2020-12-27,47.47
Colombia,COL,2021-01-03,59.32
Colombia,COL,2021-01-10,60.58
Colombia,COL,2021-01-17,78.05
Costa Rica,CRI,2020-01-31,1.87
Costa Rica,CRI,2020-02-29,7.18
Costa Rica,CRI,2020-03-31,-0.33
Costa Rica,CRI,2020-04-30,0.87
Costa Rica,CRI,2020-05-31,7.25
Costa Rica,CRI,2020-06-30,19.99
Costa Rica,CRI,2020-07-31,31.78
Costa Rica,CRI,2020-08-31,29.38
Costa Rica,CRI,2020-09-30,26.39
Costa Rica,CRI,2020-10-31,41.66
Croatia,HRV,2020-01-05,-16.21
Croatia,HRV,2020-01-12,-16
Croatia,HRV,2020-01-19,-18.93
Croatia,HRV,2020-01-26,-8.18
Croatia,HRV,2020-02-02,-8.45
Croatia,HRV,2020-02-09,-8.72
Croatia,HRV,2020-02-16,-4.32
Croatia,HRV,2020-02-23,-6.27
Croatia,HRV,2020-03-01,-8.61
Croatia,HRV,2020-03-08,-6.4
Croatia,HRV,2020-03-15,-0.82
Croatia,HRV,2020-03-22,3.01
Croatia,HRV,2020-03-29,8.13
Croatia,HRV,2020-04-05,-3.38
Croatia,HRV,2020-04-12,0.32
Croatia,HRV,2020-04-19,1.37
Croatia,HRV,2020-04-26,-14.35
Croatia,HRV,2020-05-03,-5.94
Croatia,HRV,2020-05-10,-7.51
Croatia,HRV,2020-05-17,-3.42
Croatia,HRV,2020-05-24,-4.46
Croatia,HRV,2020-05-31,-8.61
Croatia,HRV,2020-06-07,2.46
Croatia,HRV,2020-06-14,4.17
Croatia,HRV,2020-06-21,-3.54
Croatia,HRV,2020-06-28,2.13
Croatia,HRV,2020-07-05,1.83
Croatia,HRV,2020-07-12,-3.31
Croatia,HRV,2020-07-19,-7.24
Croatia,HRV,2020-07-26,-1.24
Croatia,HRV,2020-08-02,10.36
Croatia,HRV,2020-08-09,-0.17
Croatia,HRV,2020-08-16,-1.09
Croatia,HRV,2020-08-23,2.08
Croatia,HRV,2020-08-30,6.45
Croatia,HRV,2020-09-06,5.37
Croatia,HRV,2020-09-13,11.65
Croatia,HRV,2020-09-20,4.9
Croatia,HRV,2020-09-27,2.43
Croatia,HRV,2020-10-04,10.8
Croatia,HRV,2020-10-11,-0.18
Croatia,HRV,2020-10-18,15.88
Croatia,HRV,2020-10-25,18.6
Croatia,HRV,2020-11-01,20.48
Croatia,HRV,2020-11-08,32.23
Croatia,HRV,2020-11-15,38.94
Croatia,HRV,2020-11-22,55.62
Croatia,HRV,2020-11-29,52.24
Croatia,HRV,2020-12-06,68.74
Croatia,HRV,2020-12-13,68.67
Croatia,HRV,2020-12-20,70.01
Croatia,HRV,2020-12-27,51.62
Croatia,HRV,2021-01-03,36.24
Croatia,HRV,2021-01-10,10.03
Croatia,HRV,2021-01-17,6.56
Croatia,HRV,2021-01-24,-0.02
Croatia,HRV,2021-01-31,-7.29
Cyprus,CYP,2020-01-05,16.21
Cyprus,CYP,2020-01-12,10.64
Cyprus,CYP,2020-01-19,19.53
Cyprus,CYP,2020-01-26,7.68
Cyprus,CYP,2020-02-02,14.44
Cyprus,CYP,2020-02-09,-4.19
Cyprus,CYP,2020-02-16,-16.67
Cyprus,CYP,2020-02-23,11.96
Cyprus,CYP,2020-03-01,3.09
Cyprus,CYP,2020-03-08,-4.8
Cyprus,CYP,2020-03-15,5.35
Cyprus,CYP,2020-03-22,14.82
Cyprus,CYP,2020-03-29,21.24
Cyprus,CYP,2020-04-05,14.36
Cyprus,CYP,2020-04-12,-3.2
Cyprus,CYP,2020-04-19,8.58
Cyprus,CYP,2020-04-26,-0.68
Cyprus,CYP,2020-05-03,5.03
Cyprus,CYP,2020-05-10,8.74
Cyprus,CYP,2020-05-17,44.63
Cyprus,CYP,2020-05-24,71.32
Cyprus,CYP,2020-05-31,6.3
Cyprus,CYP,2020-06-07,32.7
Cyprus,CYP,2020-06-14,3.75
Cyprus,CYP,2020-06-21,-3.17
Cyprus,CYP,2020-06-28,4.54
Cyprus,CYP,2020-07-05,12.22
Cyprus,CYP,2020-07-12,-3.51
Cyprus,CYP,2020-07-19,7.29
Cyprus,CYP,2020-07-26,15.69
Cyprus,CYP,2020-08-02,10.89
Cyprus,CYP,2020-08-09,-16.82
Cyprus,CYP,2020-08-16,7.61
Cyprus,CYP,2020-08-23,8.35
Cyprus,CYP,2020-08-30,2.61
Cyprus,CYP,2020-09-06,-2.06
Cyprus,CYP,2020-09-13,17.87
Cyprus,CYP,2020-09-20,4.17
Cyprus,CYP,2020-09-27,3.27
Cyprus,CYP,2020-10-04,15.54
Cyprus,CYP,2020-10-11,5.21
Cyprus,CYP,2020-10-18,10.89
Cyprus,CYP,2020-10-25,20.12
Cyprus,CYP,2020-11-01,3.38
Cyprus,CYP,2020-11-08,12.77
Cyprus,CYP,2020-11-15,12.37
Cyprus,CYP,2020-11-22,6.18
Cyprus,CYP,2020-11-29,13.87
Cyprus,CYP,2020-12-06,18.1
Cyprus,CYP,2020-12-13,35.33
Cyprus,CYP,2020-12-20,16.97
Cyprus,CYP,2020-12-27,14.19
Cyprus,CYP,2021-01-03,37.85
Cyprus,CYP,2021-01-10,27.68
Cyprus,CYP,2021-01-17,-13.87
Cyprus,CYP,2021-01-24,-0.87
Cyprus,CYP,2021-01-31,11.8
Cyprus,CYP,2021-02-07,-2.59
Czechia,CZE,2020-01-05,-2.55
Czechia,CZE,2020-01-12,-0.88
Czechia,CZE,2020-01-19,-6.03
Czechia,CZE,2020-01-26,-2.06
Czechia,CZE,2020-02-02,-1.52
Czechia,CZE,2020-02-09,-4.6
Czechia,CZE,2020-02-16,-4.32
Czechia,CZE,2020-02-23,-6.16
Czechia,CZE,2020-03-01,-4.33
Czechia,CZE,2020-03-08,-4.94
Czechia,CZE,2020-03-15,-1.24
Czechia,CZE,2020-03-22,2.57
Czechia,CZE,2020-03-29,4.32
Czechia,CZE,2020-04-05,7.41
Czechia,CZE,2020-04-12,5.79
Czechia,CZE,2020-04-19,2.95
Czechia,CZE,2020-04-26,-3.75
Czechia,CZE,2020-05-03,4.17
Czechia,CZE,2020-05-10,-1.23
Czechia,CZE,2020-05-17,2.39
Czechia,CZE,2020-05-24,-3.4
Czechia,CZE,2020-05-31,-5.02
Czechia,CZE,2020-06-07,9.18
Czechia,CZE,2020-06-14,1.36
Czechia,CZE,2020-06-21,3.95
Czechia,CZE,2020-06-28,6.06
Czechia,CZE,2020-07-05,6.52
Czechia,CZE,2020-07-12,0.4
Czechia,CZE,2020-07-19,-0.14
Czechia,CZE,2020-07-26,2.81
Czechia,CZE,2020-08-02,9.59
Czechia,CZE,2020-08-09,7.09
Czechia,CZE,2020-08-16,6.42
Czechia,CZE,2020-08-23,7.19
Czechia,CZE,2020-08-30,3.97
Czechia,CZE,2020-09-06,4.24
Czechia,CZE,2020-09-13,6.42
Czechia,CZE,2020-09-20,11.83
Czechia,CZE,2020-09-27,18.37
Czechia,CZE,2020-10-04,13.38
Czechia,CZE,2020-10-11,23.59
Czechia,CZE,2020-10-18,42.37
Czechia,CZE,2020-10-25,75.24
Czechia,CZE,2020-11-01,105.11
Czechia,CZE,2020-11-08,107.83
Czechia,CZE,2020-11-15,84.94
Czechia,CZE,2020-11-22,63.73
Czechia,CZE,2020-11-29,51.5
Czechia,CZE,2020-12-06,46.18
Czechia,CZE,2020-12-13,43.55
Czechia,CZE,2020-12-20,45.9
Czechia,CZE,2020-12-27,42.84
Czechia,CZE,2021-01-03,55.07
Czechia,CZE,2021-01-10,59.42
Czechia,CZE,2021-01-17,57.69
Czechia,CZE,2021-01-24,47.72
Czechia,CZE,2021-01-31,39.3
Denmark,DNK,2020-01-05,-0.39
Denmark,DNK,2020-01-12,3.14
Denmark,DNK,2020-01-19,-2.85
Denmark,DNK,2020-01-26,-6.09
Denmark,DNK,2020-02-02,-4.8
Denmark,DNK,2020-02-09,-5.25
Denmark,DNK,2020-02-16,-9.29
Denmark,DNK,2020-02-23,-10.57
Denmark,DNK,2020-03-01,-13.31
Denmark,DNK,2020-03-08,-9.29
Denmark,DNK,2020-03-15,-7.96
Denmark,DNK,2020-03-22,1.59
Denmark,DNK,2020-03-29,2.47
Denmark,DNK,2020-04-05,9.51
Denmark,DNK,2020-04-12,6.96
Denmark,DNK,2020-04-19,5.13
Denmark,DNK,2020-04-26,10.46
Denmark,DNK,2020-05-03,1.28
Denmark,DNK,2020-05-10,1.3
Denmark,DNK,2020-05-17,-2.24
Denmark,DNK,2020-05-24,2.66
Denmark,DNK,2020-05-31,-0.12
Denmark,DNK,2020-06-07,-0.97
Denmark,DNK,2020-06-14,2.67
Denmark,DNK,2020-06-21,-2.25
Denmark,DNK,2020-06-28,5.83
Denmark,DNK,2020-07-05,5.67
Denmark,DNK,2020-07-12,1.51
Denmark,DNK,2020-07-19,7.1
Denmark,DNK,2020-07-26,-3.59
Denmark,DNK,2020-08-02,1.78
Denmark,DNK,2020-08-09,0.06
Denmark,DNK,2020-08-16,5.17
Denmark,DNK,2020-08-23,2.66
Denmark,DNK,2020-08-30,1.28
Denmark,DNK,2020-09-06,4.56
Denmark,DNK,2020-09-13,3.56
Denmark,DNK,2020-09-20,12.1
Denmark,DNK,2020-09-27,-0.51
Denmark,DNK,2020-10-04,2.64
Denmark,DNK,2020-10-11,-5.42
Denmark,DNK,2020-10-18,2.56
Denmark,DNK,2020-10-25,11.4
Denmark,DNK,2020-11-01,-0.77
Denmark,DNK,2020-11-08,2.97
Denmark,DNK,2020-11-15,7.74
Denmark,DNK,2020-11-22,6.16
Denmark,DNK,2020-11-29,5.3
Denmark,DNK,2020-12-06,2.24
Denmark,DNK,2020-12-13,2.28
Denmark,DNK,2020-12-20,20.55
Denmark,DNK,2020-12-27,13.89
Denmark,DNK,2021-01-03,18.21
Denmark,DNK,2021-01-10,9.86
Denmark,DNK,2021-01-17,8.79
Denmark,DNK,2021-01-24,15.2
Denmark,DNK,2021-01-31,10.45
Denmark,DNK,2021-02-07,4.86
Denmark,DNK,2021-02-14,-2.35
Denmark,DNK,2021-02-21,-9.29
Denmark,DNK,2021-02-28,-16.36
Denmark,DNK,2021-03-07,-17.96
Ecuador,ECU,2020-01-05,-2.03
Ecuador,ECU,2020-01-12,12
Ecuador,ECU,2020-01-19,9.34
Ecuador,ECU,2020-01-26,6.38
Ecuador,ECU,2020-02-02,-0.04
Ecuador,ECU,2020-02-09,2.07
Ecuador,ECU,2020-02-16,7.82
Ecuador,ECU,2020-02-23,5.73
Ecuador,ECU,2020-03-01,10.2
Ecuador,ECU,2020-03-08,-1.77
Ecuador,ECU,2020-03-15,2.54
Ecuador,ECU,2020-03-22,8.45
Ecuador,ECU,2020-03-29,169.07
Ecuador,ECU,2020-04-05,408.34
Ecuador,ECU,2020-04-12,322.16
Ecuador,ECU,2020-04-19,225.37
Ecuador,ECU,2020-04-26,155.93
Ecuador,ECU,2020-05-03,104.33
Ecuador,ECU,2020-05-10,96.42
Ecuador,ECU,2020-05-17,69.82
Ecuador,ECU,2020-05-24,60.04
Ecuador,ECU,2020-05-31,57.1
Ecuador,ECU,2020-06-07,53.24
Ecuador,ECU,2020-06-14,64.23
Ecuador,ECU,2020-06-21,58.3
Ecuador,ECU,2020-06-28,59.17
Ecuador,ECU,2020-07-05,65.45
Ecuador,ECU,2020-07-12,84.93
Ecuador,ECU,2020-07-19,91.18
Ecuador,ECU,2020-07-26,97.63
Ecuador,ECU,2020-08-02,90.99
Ecuador,ECU,2020-08-09,86.61
Ecuador,ECU,2020-08-16,77.53
Ecuador,ECU,2020-08-23,68.71
Ecuador,ECU,2020-08-30,51.92
Ecuador,ECU,2020-09-06,56.47
Ecuador,ECU,2020-09-13,48.96
Ecuador,ECU,2020-09-20,44.8
Ecuador,ECU,2020-09-27,35.78
Ecuador,ECU,2020-10-04,27.44
Ecuador,ECU,2020-10-11,39.93
Ecuador,ECU,2020-10-18,31.95
Ecuador,ECU,2020-10-25,35.27
Ecuador,ECU,2020-11-01,26.15
Ecuador,ECU,2020-11-08,22.86
Ecuador,ECU,2020-11-15,33.24
Ecuador,ECU,2020-11-22,38.84
Ecuador,ECU,2020-11-29,30.53
Ecuador,ECU,2020-12-06,34.2
Ecuador,ECU,2020-12-13,22.15
Ecuador,ECU,2020-12-20,29.12
Ecuador,ECU,2020-12-27,31.4
Ecuador,ECU,2021-01-03,41.46
Ecuador,ECU,2021-01-10,41.86
Ecuador,ECU,2021-01-17,55.68
Ecuador,ECU,2021-01-24,66.47
Ecuador,ECU,2021-01-31,56.57
Ecuador,ECU,2021-02-07,60.33
Ecuador,ECU,2021-02-14,54.84
Ecuador,ECU,2021-02-21,56.08
Ecuador,ECU,2021-02-28,57.84
Ecuador,ECU,2021-03-07,48.44
Egypt,EGY,2020-01-31,-2.68
Egypt,EGY,2020-02-29,3.28
Egypt,EGY,2020-03-31,4.63
Egypt,EGY,2020-04-30,-0.37
Egypt,EGY,2020-05-31,29.29
Egypt,EGY,2020-06-30,82.18
Egypt,EGY,2020-07-31,29.73
Egypt,EGY,2020-08-31,12.63
Egypt,EGY,2020-10-31,7.21
El Salvador,SLV,2020-01-31,-2.02
El Salvador,SLV,2020-02-29,-0.08
El Salvador,SLV,2020-03-31,-13.21
El Salvador,SLV,2020-04-30,-17.1
El Salvador,SLV,2020-05-31,-7.02
El Salvador,SLV,2020-06-30,64.17
El Salvador,SLV,2020-07-31,132.11
El Salvador,SLV,2020-08-31,40.04
England & Wales,,2020-01-05,0.44
England & Wales,,2020-01-12,1.7
England & Wales,,2020-01-19,-1.68
England & Wales,,2020-01-26,-7.11
England & Wales,,2020-02-02,-4.83
England & Wales,,2020-02-09,-7.86
England & Wales,,2020-02-16,-5.82
England & Wales,,2020-02-23,-6.1
England & Wales,,2020-03-01,-3.26
England & Wales,,2020-03-08,-5.19
England & Wales,,2020-03-15,-1.66
England & Wales,,2020-03-22,0.75
England & Wales,,2020-03-29,10.08
England & Wales,,2020-04-05,59.04
England & Wales,,2020-04-12,76.05
England & Wales,,2020-04-19,113.07
England & Wales,,2020-04-26,110.37
England & Wales,,2020-05-03,80.73
England & Wales,,2020-05-10,32.22
England & Wales,,2020-05-17,43.03
England & Wales,,2020-05-24,23.65
England & Wales,,2020-05-31,20.21
England & Wales,,2020-06-07,7.37
England & Wales,,2020-06-14,5.94
England & Wales,,2020-06-21,-0.67
England & Wales,,2020-06-28,-3.38
England & Wales,,2020-07-05,-0.47
England & Wales,,2020-07-12,-6.05
England & Wales,,2020-07-19,-2.96
England & Wales,,2020-07-26,-1.77
England & Wales,,2020-08-02,-0.96
England & Wales,,2020-08-09,-1.7
England & Wales,,2020-08-16,3.36
England & Wales,,2020-08-23,5.16
England & Wales,,2020-08-30,9.62
England & Wales,,2020-09-06,-15.71
England & Wales,,2020-09-13,5.42
England & Wales,,2020-09-20,2.78
England & Wales,,2020-09-27,2.76
England & Wales,,2020-10-04,4.08
England & Wales,,2020-10-11,1.46
England & Wales,,2020-10-18,6.78
England & Wales,,2020-10-25,10.04
England & Wales,,2020-11-01,10.15
England & Wales,,2020-11-08,14.36
England & Wales,,2020-11-15,18.41
England & Wales,,2020-11-22,20.8
England & Wales,,2020-11-29,20.27
England & Wales,,2020-12-06,15.05
England & Wales,,2020-12-13,14.37
England & Wales,,2020-12-20,12.69
England & Wales,,2020-12-27,44.81
England & Wales,,2021-01-03,26.57
England & Wales,,2021-01-10,45.51
England & Wales,,2021-01-17,30.53
England & Wales,,2021-01-24,41.35
England & Wales,,2021-01-31,44.58
England & Wales,,2021-02-07,40.9
England & Wales,,2021-02-14,28.8
England & Wales,,2021-02-21,18.79
England & Wales,,2021-02-28,9.27
England & Wales,,2021-03-07,3.69
Estonia,EST,2020-01-05,-13.9
Estonia,EST,2020-01-12,-4
Estonia,EST,2020-01-19,-4.47
Estonia,EST,2020-01-26,-10.61
Estonia,EST,2020-02-02,-9.01
Estonia,EST,2020-02-09,-19.01
Estonia,EST,2020-02-16,0.12
Estonia,EST,2020-02-23,-1.36
Estonia,EST,2020-03-01,-5.82
Estonia,EST,2020-03-08,-12.38
Estonia,EST,2020-03-15,5.38
Estonia,EST,2020-03-22,0.06
Estonia,EST,2020-03-29,3.54
Estonia,EST,2020-04-05,4.28
Estonia,EST,2020-04-12,4.28
Estonia,EST,2020-04-19,4.54
Estonia,EST,2020-04-26,14.31
Estonia,EST,2020-05-03,6.43
Estonia,EST,2020-05-10,9.87
Estonia,EST,2020-05-17,-4.33
Estonia,EST,2020-05-24,-3
Estonia,EST,2020-05-31,10.42
Estonia,EST,2020-06-07,-2.36
Estonia,EST,2020-06-14,3.79
Estonia,EST,2020-06-21,1.84
Estonia,EST,2020-06-28,11.49
Estonia,EST,2020-07-05,3.36
Estonia,EST,2020-07-12,3.99
Estonia,EST,2020-07-19,4.81
Estonia,EST,2020-07-26,5.84
Estonia,EST,2020-08-02,14.18
Estonia,EST,2020-08-09,3.42
Estonia,EST,2020-08-16,6.76
Estonia,EST,2020-08-23,-0.08
Estonia,EST,2020-08-30,10.21
Estonia,EST,2020-09-06,6.47
Estonia,EST,2020-09-13,-6.09
Estonia,EST,2020-09-20,11.86
Estonia,EST,2020-09-27,15.84
Estonia,EST,2020-10-04,6
Estonia,EST,2020-10-11,-3.99
Estonia,EST,2020-10-18,7.39
Estonia,EST,2020-10-25,4.19
Estonia,EST,2020-11-01,-8.29
Estonia,EST,2020-11-08,3.65
Estonia,EST,2020-11-15,0.69
Estonia,EST,2020-11-22,13.68
Estonia,EST,2020-11-29,16.12
Estonia,EST,2020-12-06,15.8
Estonia,EST,2020-12-13,15.69
Estonia,EST,2020-12-20,9.93
Estonia,EST,2020-12-27,14.19
Estonia,EST,2021-01-03,17.68
Estonia,EST,2021-01-10,9.95
Estonia,EST,2021-01-17,13.98
Estonia,EST,2021-01-24,22.13
Estonia,EST,2021-01-31,4.59
Estonia,EST,2021-02-07,1.88
Estonia,EST,2021-02-14,10.04
Estonia,EST,2021-02-21,7.59
Estonia,EST,2021-02-28,17.54
Estonia,EST,2021-03-07,24.78
Estonia,EST,2021-03-14,22.01
Finland,FIN,2020-01-05,-10.23
Finland,FIN,2020-01-12,-9.52
Finland,FIN,2020-01-19,-9.67
Finland,FIN,2020-01-26,-7.82
Finland,FIN,2020-02-02,-5.59
Finland,FIN,2020-02-09,-0.71
Finland,FIN,2020-02-16,-0.07
Finland,FIN,2020-02-23,-0.38
Finland,FIN,2020-03-01,-6.27
Finland,FIN,2020-03-08,0.31
Finland,FIN,2020-03-15,0.2
Finland,FIN,2020-03-22,3.16
Finland,FIN,2020-03-29,4.14
Finland,FIN,2020-04-05,2.88
Finland,FIN,2020-04-12,12.66
Finland,FIN,2020-04-19,3.42
Finland,FIN,2020-04-26,12.47
Finland,FIN,2020-05-03,8.98
Finland,FIN,2020-05-10,8.33
Finland,FIN,2020-05-17,13.72
Finland,FIN,2020-05-24,-0.17
Finland,FIN,2020-05-31,4.17
Finland,FIN,2020-06-07,1.84
Finland,FIN,2020-06-14,5.58
Finland,FIN,2020-06-21,10.34
Finland,FIN,2020-06-28,7.41
Finland,FIN,2020-07-05,5.41
Finland,FIN,2020-07-12,0
Finland,FIN,2020-07-19,6.61
Finland,FIN,2020-07-26,-0.97
Finland,FIN,2020-08-02,4.62
Finland,FIN,2020-08-09,3.16
Finland,FIN,2020-08-16,2.8
Finland,FIN,2020-08-23,6.09
Finland,FIN,2020-08-30,2.6
Finland,FIN,2020-09-06,1.22
Finland,FIN,2020-09-13,16.37
Finland,FIN,2020-09-20,5.72
Finland,FIN,2020-09-27,9.71
Finland,FIN,2020-10-04,-3.88
Finland,FIN,2020-10-11,-3.79
Finland,FIN,2020-10-18,5.57
Finland,FIN,2020-10-25,3.5
Finland,FIN,2020-11-01,9.24
Finland,FIN,2020-11-08,3.11
Finland,FIN,2020-11-15,2.53
Finland,FIN,2020-11-22,8.68
Finland,FIN,2020-11-29,6.43
Finland,FIN,2020-12-06,3.78
Finland,FIN,2020-12-13,2.68
Finland,FIN,2020-12-20,0.26
Finland,FIN,2020-12-27,-19.3
Finland,FIN,2021-01-03,-19.91
Finland,FIN,2021-01-10,-6.11
Finland,FIN,2021-01-17,-5.71
Finland,FIN,2021-01-24,1.84
Finland,FIN,2021-01-31,1.58
Finland,FIN,2021-02-07,-5.77
Finland,FIN,2021-02-14,-7.75
Finland,FIN,2021-02-21,1.47
France,FRA,2020-01-05,-5.33
France,FRA,2020-01-12,-2.71
France,FRA,2020-01-19,-4.66
France,FRA,2020-01-26,-5.68
France,FRA,2020-02-02,-4.12
France,FRA,2020-02-09,-5.96
France,FRA,2020-02-16,-5.89
France,FRA,2020-02-23,-8.23
France,FRA,2020-03-01,-6.81
France,FRA,2020-03-08,-3.88
France,FRA,2020-03-15,4.26
France,FRA,2020-03-22,18.66
France,FRA,2020-03-29,39.03
France,FRA,2020-04-05,65.19
France,FRA,2020-04-12,57.14
France,FRA,2020-04-19,39.57
France,FRA,2020-04-26,17.43
France,FRA,2020-05-03,4.44
France,FRA,2020-05-10,3.67
France,FRA,2020-05-17,2.07
France,FRA,2020-05-24,5.54
France,FRA,2020-05-31,1.57
France,FRA,2020-06-07,1.79
France,FRA,2020-06-14,2.62
France,FRA,2020-06-21,0.55
France,FRA,2020-06-28,6.95
France,FRA,2020-07-05,-6.84
France,FRA,2020-07-12,0.92
France,FRA,2020-07-19,-3.1
France,FRA,2020-07-26,0.96
France,FRA,2020-08-02,6.85
France,FRA,2020-08-09,4.72
France,FRA,2020-08-16,17.3
France,FRA,2020-08-23,1.76
France,FRA,2020-08-30,2.03
France,FRA,2020-09-06,5.23
France,FRA,2020-09-13,8
France,FRA,2020-09-20,10.73
France,FRA,2020-09-27,2.01
France,FRA,2020-10-04,8.65
France,FRA,2020-10-11,5.8
France,FRA,2020-10-18,10.39
France,FRA,2020-10-25,22.55
France,FRA,2020-11-01,30.66
France,FRA,2020-11-08,38.11
France,FRA,2020-11-15,36.74
France,FRA,2020-11-22,31.2
France,FRA,2020-11-29,27.19
France,FRA,2020-12-06,24.44
France,FRA,2020-12-13,21.28
France,FRA,2020-12-20,14.58
France,FRA,2020-12-27,9.39
France,FRA,2021-01-03,13.9
France,FRA,2021-01-10,8.76
France,FRA,2021-01-17,7.45
France,FRA,2021-01-24,14.04
France,FRA,2021-01-31,12.35
France,FRA,2021-02-07,9.48
France,FRA,2021-02-14,6.05
France,FRA,2021-02-21,6.2
France,FRA,2021-02-28,-3.17
Georgia,GEO,2020-01-05,-8.91
Georgia,GEO,2020-01-12,-10.28
Georgia,GEO,2020-01-19,-0.62
Georgia,GEO,2020-01-26,-0.14
Georgia,GEO,2020-02-02,-1.6
Georgia,GEO,2020-02-09,-0.99
Georgia,GEO,2020-02-16,-2.06
Georgia,GEO,2020-02-23,-2.31
Georgia,GEO,2020-03-01,-1.1
Georgia,GEO,2020-03-08,-3.05
Georgia,GEO,2020-03-15,-9.8
Georgia,GEO,2020-03-22,-10.2
Georgia,GEO,2020-03-29,-14.89
Georgia,GEO,2020-04-05,-15.51
Georgia,GEO,2020-04-12,-17.59
Georgia,GEO,2020-04-19,-9.57
Georgia,GEO,2020-04-26,-11.8
Georgia,GEO,2020-05-03,-8.99
Georgia,GEO,2020-05-10,-3.82
Georgia,GEO,2020-05-17,-3.79
Georgia,GEO,2020-05-24,-3.96
Georgia,GEO,2020-05-31,-10.02
Georgia,GEO,2020-06-07,-7.46
Georgia,GEO,2020-06-14,-3.32
Georgia,GEO,2020-06-21,-5.43
Georgia,GEO,2020-06-28,-14.85
Germany,DEU,2020-01-05,-2.33
Germany,DEU,2020-01-12,-0.92
Germany,DEU,2020-01-19,-1.87
Germany,DEU,2020-01-26,-4.62
Germany,DEU,2020-02-02,-2.7
Germany,DEU,2020-02-09,-6.38
Germany,DEU,2020-02-16,-4.74
Germany,DEU,2020-02-23,-9.69
Germany,DEU,2020-03-01,-9.47
Germany,DEU,2020-03-08,-7.74
Germany,DEU,2020-03-15,-2.74
Germany,DEU,2020-03-22,0.93
Germany,DEU,2020-03-29,3.98
Germany,DEU,2020-04-05,11.67
Germany,DEU,2020-04-12,14.57
Germany,DEU,2020-04-19,11.01
Germany,DEU,2020-04-26,6.55
Germany,DEU,2020-05-03,5.55
Germany,DEU,2020-05-10,1.81
Germany,DEU,2020-05-17,0.73
Germany,DEU,2020-05-24,3.51
Germany,DEU,2020-05-31,-0.21
Germany,DEU,2020-06-07,4.93
Germany,DEU,2020-06-14,4
Germany,DEU,2020-06-21,-0.93
Germany,DEU,2020-06-28,4.38
Germany,DEU,2020-07-05,-0.1
Germany,DEU,2020-07-12,0.75
Germany,DEU,2020-07-19,-1.53
Germany,DEU,2020-07-26,-3.64
Germany,DEU,2020-08-02,0.44
Germany,DEU,2020-08-09,5.49
Germany,DEU,2020-08-16,20.73
Germany,DEU,2020-08-23,6.55
Germany,DEU,2020-08-30,1.13
Germany,DEU,2020-09-06,4.23
Germany,DEU,2020-09-13,5.02
Germany,DEU,2020-09-20,7.48
Germany,DEU,2020-09-27,4.7
Germany,DEU,2020-10-04,5.7
Germany,DEU,2020-10-11,0.38
Germany,DEU,2020-10-18,2.64
Germany,DEU,2020-10-25,8.26
Germany,DEU,2020-11-01,7.97
Germany,DEU,2020-11-08,7.81
Germany,DEU,2020-11-15,10.74
Germany,DEU,2020-11-22,12.16
Germany,DEU,2020-11-29,16.97
Germany,DEU,2020-12-06,21.26
Germany,DEU,2020-12-13,28.46
Germany,DEU,2020-12-20,29.91
Germany,DEU,2020-12-27,36.42
Germany,DEU,2021-01-03,35.8
Germany,DEU,2021-01-10,27.34
Germany,DEU,2021-01-17,23.86
Germany,DEU,2021-01-24,22.43
Germany,DEU,2021-01-31,13.23
Germany,DEU,2021-02-07,5.89
Germany,DEU,2021-02-14,2.64
Germany,DEU,2021-02-21,-1.06
Germany,DEU,2021-02-28,-10
Germany,DEU,2021-03-07,-13.87
Greece,GRC,2020-01-05,-2.63
Greece,GRC,2020-01-12,-1.55
Greece,GRC,2020-01-19,0.91
Greece,GRC,2020-01-26,-0.41
Greece,GRC,2020-02-02,7.27
Greece,GRC,2020-02-09,6.41
Greece,GRC,2020-02-16,9.71
Greece,GRC,2020-02-23,-0.15
Greece,GRC,2020-03-01,2.65
Greece,GRC,2020-03-08,9.03
Greece,GRC,2020-03-15,8.26
Greece,GRC,2020-03-22,8.84
Greece,GRC,2020-03-29,5.94
Greece,GRC,2020-04-05,4.51
Greece,GRC,2020-04-12,2.13
Greece,GRC,2020-04-19,0.73
Greece,GRC,2020-04-26,-1.91
Greece,GRC,2020-05-03,1.44
Greece,GRC,2020-05-10,-1.83
Greece,GRC,2020-05-17,16
Greece,GRC,2020-05-24,12.63
Greece,GRC,2020-05-31,-12.01
Greece,GRC,2020-06-07,-3.48
Greece,GRC,2020-06-14,-2.22
Greece,GRC,2020-06-21,-1.3
Greece,GRC,2020-06-28,-8.3
Greece,GRC,2020-07-05,13.24
Greece,GRC,2020-07-12,2.15
Greece,GRC,2020-07-19,0.14
Greece,GRC,2020-07-26,-0.22
Greece,GRC,2020-08-02,17.39
Greece,GRC,2020-08-09,5.15
Greece,GRC,2020-08-16,4.55
Greece,GRC,2020-08-23,9.5
Greece,GRC,2020-08-30,6.6
Greece,GRC,2020-09-06,11.1
Greece,GRC,2020-09-13,10.68
Greece,GRC,2020-09-20,12.78
Greece,GRC,2020-09-27,7.71
Greece,GRC,2020-10-04,4.72
Greece,GRC,2020-10-11,3.63
Greece,GRC,2020-10-18,-0.96
Greece,GRC,2020-10-25,1.45
Greece,GRC,2020-11-01,7.89
Greece,GRC,2020-11-08,10.81
Greece,GRC,2020-11-15,22.13
Greece,GRC,2020-11-22,33.94
Greece,GRC,2020-11-29,39.47
Greece,GRC,2020-12-06,37.34
Greece,GRC,2020-12-13,26.69
Greece,GRC,2020-12-20,16.78
Greece,GRC,2020-12-27,5.64
Greece,GRC,2021-01-03,2.39
Hong Kong,HKG,2020-01-31,-2.99
Hong Kong,HKG,2020-02-29,8.11
Hong Kong,HKG,2020-03-31,-15.41
Hong Kong,HKG,2020-04-30,-10.35
Hong Kong,HKG,2020-05-31,27.59
Hong Kong,HKG,2020-06-30,27.43
Hong Kong,HKG,2020-07-31,7.72
Hong Kong,HKG,2020-08-31,4.73
Hong Kong,HKG,2020-09-30,23.11
Hong Kong,HKG,2020-10-31,5.88
Hong Kong,HKG,2020-11-30,13.78
Hong Kong,HKG,2020-12-31,8.09
Hong Kong,HKG,2021-01-31,8.39
Hungary,HUN,2020-01-05,-9.58
Hungary,HUN,2020-01-12,-11.39
Hungary,HUN,2020-01-19,-11.71
Hungary,HUN,2020-01-26,-9.83
Hungary,HUN,2020-02-02,-8.38
Hungary,HUN,2020-02-09,-14.12
Hungary,HUN,2020-02-16,-7.82
Hungary,HUN,2020-02-23,-12.51
Hungary,HUN,2020-03-01,-3.86
Hungary,HUN,2020-03-08,-7.36
Hungary,HUN,2020-03-15,-4.88
Hungary,HUN,2020-03-22,6.29
Hungary,HUN,2020-03-29,-0.02
Hungary,HUN,2020-04-05,0.57
Hungary,HUN,2020-04-12,3.79
Hungary,HUN,2020-04-19,3.24
Hungary,HUN,2020-04-26,-3.32
Hungary,HUN,2020-05-03,-4.94
Hungary,HUN,2020-05-10,-1.02
Hungary,HUN,2020-05-17,3.18
Hungary,HUN,2020-05-24,-7.24
Hungary,HUN,2020-05-31,-4.14
Hungary,HUN,2020-06-07,5.96
Hungary,HUN,2020-06-14,-0.17
Hungary,HUN,2020-06-21,-7.96
Hungary,HUN,2020-06-28,3.13
Hungary,HUN,2020-07-05,4.28
Hungary,HUN,2020-07-12,-4.73
Hungary,HUN,2020-07-19,-7.38
Hungary,HUN,2020-07-26,-9.6
Hungary,HUN,2020-08-02,2.15
Hungary,HUN,2020-08-09,1.19
Hungary,HUN,2020-08-16,-1.8
Hungary,HUN,2020-08-23,1.41
Hungary,HUN,2020-08-30,-3.91
Hungary,HUN,2020-09-06,-0.16
Hungary,HUN,2020-09-13,2.67
Hungary,HUN,2020-09-20,6.69
Hungary,HUN,2020-09-27,4.4
Hungary,HUN,2020-10-04,6.65
Hungary,HUN,2020-10-11,4.53
Hungary,HUN,2020-10-18,13.31
Hungary,HUN,2020-10-25,23.74
Hungary,HUN,2020-11-01,33.22
Hungary,HUN,2020-11-08,47.44
Hungary,HUN,2020-11-15,65.01
Hungary,HUN,2020-11-22,59.87
Hungary,HUN,2020-11-29,65.43
Hungary,HUN,2020-12-06,61.1
Hungary,HUN,2020-12-13,58.26
Hungary,HUN,2020-12-20,39.93
Hungary,HUN,2020-12-27,38.21
Hungary,HUN,2021-01-03,26.78
Hungary,HUN,2021-01-10,7.85
Hungary,HUN,2021-01-17,6.02
Hungary,HUN,2021-01-24,-0.91
Hungary,HUN,2021-01-31,-8.94
Hungary,HUN,2021-02-07,-11.82
Hungary,HUN,2021-02-14,-14.58
Iceland,ISL,2020-01-05,24.45
Iceland,ISL,2020-01-12,15.06
Iceland,ISL,2020-01-19,17.12
Iceland,ISL,2020-01-26,23.32
Iceland,ISL,2020-02-02,-14.47
Iceland,ISL,2020-02-09,-1.67
Iceland,ISL,2020-02-16,3.81
Iceland,ISL,2020-02-23,3.9
Iceland,ISL,2020-03-01,-1.38
Iceland,ISL,2020-03-08,10.36
Iceland,ISL,2020-03-15,-7.08
Iceland,ISL,2020-03-22,-6.25
Iceland,ISL,2020-03-29,-11.02
Iceland,ISL,2020-04-05,15.21
Iceland,ISL,2020-04-12,10.36
Iceland,ISL,2020-04-19,23.46
Iceland,ISL,2020-04-26,-21.17
Iceland,ISL,2020-05-03,9.45
Iceland,ISL,2020-05-10,-11.06
Iceland,ISL,2020-05-17,-2.84
Iceland,ISL,2020-05-24,14.68
Iceland,ISL,2020-05-31,17.37
Iceland,ISL,2020-06-07,-24.44
Iceland,ISL,2020-06-14,1.01
Iceland,ISL,2020-06-21,-17.11
Iceland,ISL,2020-06-28,-27.66
Iceland,ISL,2020-07-05,-18.6
Iceland,ISL,2020-07-12,20.42
Iceland,ISL,2020-07-19,7.14
Iceland,ISL,2020-07-26,-22.22
Iceland,ISL,2020-08-02,-2.78
Iceland,ISL,2020-08-09,-4.64
Iceland,ISL,2020-08-16,10.26
Iceland,ISL,2020-08-23,-22.02
Iceland,ISL,2020-08-30,-21.79
Iceland,ISL,2020-09-06,40.31
Iceland,ISL,2020-09-13,-5.66
Iceland,ISL,2020-09-20,10.58
Iceland,ISL,2020-09-27,-26
Iceland,ISL,2020-10-04,-10.38
Iceland,ISL,2020-10-11,22.64
Iceland,ISL,2020-10-18,11.37
Iceland,ISL,2020-10-25,8.7
Iceland,ISL,2020-11-01,32.85
Iceland,ISL,2020-11-08,30.21
Iceland,ISL,2020-11-15,14.89
Iceland,ISL,2020-11-22,1.81
Iceland,ISL,2020-11-29,-20.45
Iceland,ISL,2020-12-06,-6.7
Iceland,ISL,2020-12-13,9
Iceland,ISL,2020-12-20,-1.83
Iceland,ISL,2020-12-27,23.81
Iceland,ISL,2021-01-03,-28.57
Israel,ISR,2020-01-05,7.89
Israel,ISR,2020-01-12,-4.19
Israel,ISR,2020-01-19,6.37
Israel,ISR,2020-01-26,-4.56
Israel,ISR,2020-02-02,-6.14
Israel,ISR,2020-02-09,-10.27
Israel,ISR,2020-02-16,-2.39
Israel,ISR,2020-02-23,0.47
Israel,ISR,2020-03-01,-6.02
Israel,ISR,2020-03-08,-1.06
Israel,ISR,2020-03-15,4.66
Israel,ISR,2020-03-22,3.36
Israel,ISR,2020-03-29,10.46
Israel,ISR,2020-04-05,18.44
Israel,ISR,2020-04-12,4.93
Israel,ISR,2020-04-19,12.42
Israel,ISR,2020-04-26,5.61
Israel,ISR,2020-05-03,1.86
Israel,ISR,2020-05-10,4.87
Israel,ISR,2020-05-17,5.72
Israel,ISR,2020-05-24,20.31
Israel,ISR,2020-05-31,6.22
Israel,ISR,2020-06-07,4.62
Israel,ISR,2020-06-14,4.25
Israel,ISR,2020-06-21,3.69
Israel,ISR,2020-06-28,2.69
Israel,ISR,2020-07-05,1.04
Israel,ISR,2020-07-12,10.23
Israel,ISR,2020-07-19,10.41
Israel,ISR,2020-07-26,3.29
Israel,ISR,2020-08-02,22.42
Israel,ISR,2020-08-09,9.59
Israel,ISR,2020-08-16,23.01
Israel,ISR,2020-08-23,17.49
Israel,ISR,2020-08-30,15.52
Israel,ISR,2020-09-06,16.45
Israel,ISR,2020-09-13,26.34
Israel,ISR,2020-09-20,30.05
Israel,ISR,2020-09-27,31.44
Israel,ISR,2020-10-04,28.53
Israel,ISR,2020-10-11,39.35
Israel,ISR,2020-10-18,31.39
Israel,ISR,2020-10-25,27.96
Israel,ISR,2020-11-01,11.5
Israel,ISR,2020-11-08,8.37
Israel,ISR,2020-11-15,-4.81
Israel,ISR,2020-11-22,10.94
Israel,ISR,2020-11-29,3.49
Israel,ISR,2020-12-06,6.58
Israel,ISR,2020-12-13,2.66
Israel,ISR,2020-12-20,7.03
Israel,ISR,2020-12-27,3.57
Israel,ISR,2021-01-03,16.51
Israel,ISR,2021-01-10,19.17
Israel,ISR,2021-01-17,17.91
Israel,ISR,2021-01-24,22.82
Israel,ISR,2021-01-31,22.04
Israel,ISR,2021-02-07,16.78
Israel,ISR,2021-02-14,9.7
Israel,ISR,2021-02-21,6.52
Israel,ISR,2021-02-28,-5.02
Italy,ITA,2020-01-05,-12.65
Italy,ITA,2020-01-12,-11.18
Italy,ITA,2020-01-19,-9.43
Italy,ITA,2020-01-26,-6.56
Italy,ITA,2020-02-02,-6.5
Italy,ITA,2020-02-09,-5.94
Italy,ITA,2020-02-16,-4.14
Italy,ITA,2020-02-23,-5.1
Italy,ITA,2020-03-01,-1.43
Italy,ITA,2020-03-08,8.14
Italy,ITA,2020-03-15,37.79
Italy,ITA,2020-03-22,72.25
Italy,ITA,2020-03-29,84.9
Italy,ITA,2020-04-05,68.31
Italy,ITA,2020-04-12,55.41
Italy,ITA,2020-04-19,39.61
Italy,ITA,2020-04-26,24.63
Italy,ITA,2020-05-03,13.08
Italy,ITA,2020-05-10,8.31
Italy,ITA,2020-05-17,5.96
Italy,ITA,2020-05-24,0.32
Italy,ITA,2020-05-31,-1.79
Italy,ITA,2020-06-07,-2.63
Italy,ITA,2020-06-14,-5.71
Italy,ITA,2020-06-21,-0.88
Italy,ITA,2020-06-28,6.94
Italy,ITA,2020-07-05,7.32
Italy,ITA,2020-07-12,-2.63
Italy,ITA,2020-07-19,-5.49
Italy,ITA,2020-07-26,-4.81
Italy,ITA,2020-08-02,7.3
Italy,ITA,2020-08-09,-0.79
Italy,ITA,2020-08-16,8.87
Italy,ITA,2020-08-23,8.37
Italy,ITA,2020-08-30,7.44
Italy,ITA,2020-09-06,4.61
Italy,ITA,2020-09-13,7.41
Italy,ITA,2020-09-20,7.98
Italy,ITA,2020-09-27,1.39
Italy,ITA,2020-10-04,6.56
Italy,ITA,2020-10-11,3.69
Italy,ITA,2020-10-18,9.02
Italy,ITA,2020-10-25,22.78
Italy,ITA,2020-11-01,34.96
Italy,ITA,2020-11-08,45.62
Italy,ITA,2020-11-15,54.06
Italy,ITA,2020-11-22,54.59
Italy,ITA,2020-11-29,55.03
Italy,ITA,2020-12-06,43.43
Italy,ITA,2020-12-13,35
Italy,ITA,2020-12-20,27.26
Italy,ITA,2020-12-27,12.44
Italy,ITA,2021-01-03,13.08
Jamaica,JAM,2020-01-31,-5.7
Jamaica,JAM,2020-02-29,-8.28
Jamaica,JAM,2020-03-31,-7.05
Jamaica,JAM,2020-04-30,-0.22
Jamaica,JAM,2020-05-31,-4.27
Jamaica,JAM,2020-06-30,-1.07
Jamaica,JAM,2020-07-31,-4.42
Jamaica,JAM,2020-08-31,8.42
Jamaica,JAM,2020-09-30,11.67
Jamaica,JAM,2020-10-31,7.61
Jamaica,JAM,2020-11-30,6.21
Japan,JPN,2020-01-31,-3.89
Japan,JPN,2020-02-29,-0.6
Japan,JPN,2020-03-31,0.18
Japan,JPN,2020-04-30,4.02
Japan,JPN,2020-05-31,1.68
Japan,JPN,2020-06-30,2.76
Japan,JPN,2020-07-31,1.91
Japan,JPN,2020-08-31,6.19
Japan,JPN,2020-09-30,5
Japan,JPN,2020-10-31,6.42
Japan,JPN,2020-11-30,3.99
Japan,JPN,2020-12-31,8.27
Kyrgyzstan,KGZ,2020-01-31,1.04
Kyrgyzstan,KGZ,2020-02-29,10.4
Kyrgyzstan,KGZ,2020-03-31,-14.58
Kyrgyzstan,KGZ,2020-04-30,-53.64
Kyrgyzstan,KGZ,2020-05-31,3.53
Kyrgyzstan,KGZ,2020-06-30,34.11
Kyrgyzstan,KGZ,2020-07-31,38.38
Kyrgyzstan,KGZ,2020-08-31,70.98
Kyrgyzstan,KGZ,2020-09-30,32.68
Kyrgyzstan,KGZ,2020-10-31,21.97
Kyrgyzstan,KGZ,2020-11-30,48.61
Kyrgyzstan,KGZ,2020-12-31,37.23
Kyrgyzstan,KGZ,2021-01-31,-2.05
Latvia,LVA,2020-01-05,-6.37
Latvia,LVA,2020-01-12,-5.88
Latvia,LVA,2020-01-19,-16.61
Latvia,LVA,2020-01-26,-11
Latvia,LVA,2020-02-02,-10.17
Latvia,LVA,2020-02-09,-10.37
Latvia,LVA,2020-02-16,-10.7
Latvia,LVA,2020-02-23,-14.19
Latvia,LVA,2020-03-01,-17.51
Latvia,LVA,2020-03-08,-20.05
Latvia,LVA,2020-03-15,-8.69
Latvia,LVA,2020-03-22,-10.24
Latvia,LVA,2020-03-29,-11.58
Latvia,LVA,2020-04-05,-2.68
Latvia,LVA,2020-04-12,-1.98
Latvia,LVA,2020-04-19,-7.58
Latvia,LVA,2020-04-26,-0.62
Latvia,LVA,2020-05-03,1.25
Latvia,LVA,2020-05-10,-16.3
Latvia,LVA,2020-05-17,9.65
Latvia,LVA,2020-05-24,1.92
Latvia,LVA,2020-05-31,-5.7
Latvia,LVA,2020-06-07,-0.76
Latvia,LVA,2020-06-14,7.37
Latvia,LVA,2020-06-21,-2.87
Latvia,LVA,2020-06-28,11.49
Latvia,LVA,2020-07-05,3.43
Latvia,LVA,2020-07-12,-7.96
Latvia,LVA,2020-07-19,-1.62
Latvia,LVA,2020-07-26,-1.37
Latvia,LVA,2020-08-02,-2.22
Latvia,LVA,2020-08-09,4.02
Latvia,LVA,2020-08-16,5.31
Latvia,LVA,2020-08-23,5.56
Latvia,LVA,2020-08-30,-1.79
Latvia,LVA,2020-09-06,0
Latvia,LVA,2020-09-13,-4.77
Latvia,LVA,2020-09-20,-3.76
Latvia,LVA,2020-09-27,0.04
Latvia,LVA,2020-10-04,-0.97
Latvia,LVA,2020-10-11,-3.14
Latvia,LVA,2020-10-18,2.57
Latvia,LVA,2020-10-25,9.24
Latvia,LVA,2020-11-01,1.26
Latvia,LVA,2020-11-08,7.66
Latvia,LVA,2020-11-15,7.39
Latvia,LVA,2020-11-22,11.17
Latvia,LVA,2020-11-29,13.51
Latvia,LVA,2020-12-06,20.48
Latvia,LVA,2020-12-13,28.32
Latvia,LVA,2020-12-20,22.67
Latvia,LVA,2020-12-27,39.55
Latvia,LVA,2021-01-03,27.23
Latvia,LVA,2021-01-10,36.6
Latvia,LVA,2021-01-17,31.58
Latvia,LVA,2021-01-24,24.76
Latvia,LVA,2021-01-31,26.75
Latvia,LVA,2021-02-07,24.67
Latvia,LVA,2021-02-14,18.37
Latvia,LVA,2021-02-21,12.08
Latvia,LVA,2021-02-28,5.67
Liechtenstein,LIE,2020-01-31,-24
Liechtenstein,LIE,2020-02-29,48.51
Liechtenstein,LIE,2020-03-31,-16.06
Liechtenstein,LIE,2020-04-30,8.91
Liechtenstein,LIE,2020-05-31,14.13
Liechtenstein,LIE,2020-06-30,-7.22
Liechtenstein,LIE,2020-07-31,-12.04
Liechtenstein,LIE,2020-08-31,1.77
Liechtenstein,LIE,2020-09-30,44.23
Liechtenstein,LIE,2020-10-31,2.68
Liechtenstein,LIE,2020-11-30,77.27
Liechtenstein,LIE,2020-12-31,133.94
Liechtenstein,LIE,2021-01-31,12
Lithuania,LTU,2020-01-05,-6.37
Lithuania,LTU,2020-01-12,-8.42
Lithuania,LTU,2020-01-19,-14.46
Lithuania,LTU,2020-01-26,-13.96
Lithuania,LTU,2020-02-02,-16.41
Lithuania,LTU,2020-02-09,-15.07
Lithuania,LTU,2020-02-16,-7.67
Lithuania,LTU,2020-02-23,-21.11
Lithuania,LTU,2020-03-01,-6.78
Lithuania,LTU,2020-03-08,-8.13
Lithuania,LTU,2020-03-15,-5.66
Lithuania,LTU,2020-03-22,-0.3
Lithuania,LTU,2020-03-29,3.64
Lithuania,LTU,2020-04-05,-2.71
Lithuania,LTU,2020-04-12,1.65
Lithuania,LTU,2020-04-19,-0.28
Lithuania,LTU,2020-04-26,2.86
Lithuania,LTU,2020-05-03,2.67
Lithuania,LTU,2020-05-10,-6
Lithuania,LTU,2020-05-17,-0.57
Lithuania,LTU,2020-05-24,-7.91
Lithuania,LTU,2020-05-31,-0.72
Lithuania,LTU,2020-06-07,-1.08
Lithuania,LTU,2020-06-14,14.95
Lithuania,LTU,2020-06-21,6.92
Lithuania,LTU,2020-06-28,10.84
Lithuania,LTU,2020-07-05,-1.23
Lithuania,LTU,2020-07-12,-0.28
Lithuania,LTU,2020-07-19,7.86
Lithuania,LTU,2020-07-26,0.68
Lithuania,LTU,2020-08-02,2.38
Lithuania,LTU,2020-08-09,0.97
Lithuania,LTU,2020-08-16,6.54
Lithuania,LTU,2020-08-23,12.82
Lithuania,LTU,2020-08-30,1
Lithuania,LTU,2020-09-06,-1.86
Lithuania,LTU,2020-09-13,9.46
Lithuania,LTU,2020-09-20,2.07
Lithuania,LTU,2020-09-27,8.32
Lithuania,LTU,2020-10-04,-0.92
Lithuania,LTU,2020-10-11,5.38
Lithuania,LTU,2020-10-18,6.07
Lithuania,LTU,2020-10-25,8.35
Lithuania,LTU,2020-11-01,-2.66
Lithuania,LTU,2020-11-08,17.87
Lithuania,LTU,2020-11-15,25.97
Lithuania,LTU,2020-11-22,45.77
Lithuania,LTU,2020-11-29,45.77
Lithuania,LTU,2020-12-06,59.27
Lithuania,LTU,2020-12-13,60.85
Lithuania,LTU,2020-12-20,73.52
Lithuania,LTU,2020-12-27,67.19
Lithuania,LTU,2021-01-03,49.32
Lithuania,LTU,2021-01-10,36.62
Lithuania,LTU,2021-01-17,34.39
Lithuania,LTU,2021-01-24,17.61
Lithuania,LTU,2021-01-31,18.85
Lithuania,LTU,2021-02-07,5.64
Lithuania,LTU,2021-02-14,9.27
Lithuania,LTU,2021-02-21,4.66
Lithuania,LTU,2021-02-28,-13.64
Lithuania,LTU,2021-03-07,-1.34
Luxembourg,LUX,2020-01-05,-27.42
Luxembourg,LUX,2020-01-12,-8.03
Luxembourg,LUX,2020-01-19,2.97
Luxembourg,LUX,2020-01-26,-2.47
Luxembourg,LUX,2020-02-02,-9.47
Luxembourg,LUX,2020-02-09,-7.22
Luxembourg,LUX,2020-02-16,-29.01
Luxembourg,LUX,2020-02-23,-5.97
Luxembourg,LUX,2020-03-01,-15.53
Luxembourg,LUX,2020-03-08,-10.78
Luxembourg,LUX,2020-03-15,11.52
Luxembourg,LUX,2020-03-22,3.49
Luxembourg,LUX,2020-03-29,29.93
Luxembourg,LUX,2020-04-05,7.66
Luxembourg,LUX,2020-04-12,62.01
Luxembourg,LUX,2020-04-19,12.66
Luxembourg,LUX,2020-04-26,13.21
Luxembourg,LUX,2020-05-03,-3.9
Luxembourg,LUX,2020-05-10,26.42
Luxembourg,LUX,2020-05-17,7.84
Luxembourg,LUX,2020-05-24,2.09
Luxembourg,LUX,2020-05-31,14.16
Luxembourg,LUX,2020-06-07,-1.08
Luxembourg,LUX,2020-06-14,-7.51
Luxembourg,LUX,2020-06-21,17.12
Luxembourg,LUX,2020-06-28,-1.16
Luxembourg,LUX,2020-07-05,-5.59
Luxembourg,LUX,2020-07-12,-9.2
Luxembourg,LUX,2020-07-19,-0.28
Luxembourg,LUX,2020-07-26,-5.08
Luxembourg,LUX,2020-08-02,18.67
Luxembourg,LUX,2020-08-09,26.01
Luxembourg,LUX,2020-08-16,35.14
Luxembourg,LUX,2020-08-23,10.12
Luxembourg,LUX,2020-08-30,-19.74
Luxembourg,LUX,2020-09-06,13.16
Luxembourg,LUX,2020-09-13,-1.08
Luxembourg,LUX,2020-09-20,32.05
Luxembourg,LUX,2020-09-27,-8.42
Luxembourg,LUX,2020-10-04,7.51
Luxembourg,LUX,2020-10-11,-17.45
Luxembourg,LUX,2020-10-18,14.97
Luxembourg,LUX,2020-10-25,23.66
Luxembourg,LUX,2020-11-01,15.02
Luxembourg,LUX,2020-11-08,38.55
Luxembourg,LUX,2020-11-15,48.99
Luxembourg,LUX,2020-11-22,48.24
Luxembourg,LUX,2020-11-29,83.29
Luxembourg,LUX,2020-12-06,45.04
Luxembourg,LUX,2020-12-13,61.84
Luxembourg,LUX,2020-12-20,28.88
Luxembourg,LUX,2020-12-27,47.27
Luxembourg,LUX,2021-01-03,18.76
Luxembourg,LUX,2021-01-10,16.36
Luxembourg,LUX,2021-01-17,1.48
Luxembourg,LUX,2021-01-24,1.83
Luxembourg,LUX,2021-01-31,23.32
Macao,MAC,2020-01-31,-3.64
Macao,MAC,2020-02-29,6.98
Macao,MAC,2020-03-31,-10.31
Macao,MAC,2020-04-30,9
Macao,MAC,2020-05-31,-4.51
Macao,MAC,2020-06-30,3.25
Macao,MAC,2020-07-31,1.85
Macao,MAC,2020-08-31,15.34
Macao,MAC,2020-09-30,13.58
Macao,MAC,2020-10-31,11.25
Macao,MAC,2020-11-30,14.42
Macao,MAC,2020-12-31,-4.33
Macao,MAC,2021-01-31,0.67
Malta,MLT,2020-01-05,-3.33
Malta,MLT,2020-01-12,10.45
Malta,MLT,2020-01-19,8.3
Malta,MLT,2020-01-26,0.69
Malta,MLT,2020-02-02,-10.47
Malta,MLT,2020-02-09,3.21
Malta,MLT,2020-02-16,-12.2
Malta,MLT,2020-02-23,-17.23
Malta,MLT,2020-03-01,-16.67
Malta,MLT,2020-03-08,-11.62
Malta,MLT,2020-03-15,23.63
Malta,MLT,2020-03-22,36.48
Malta,MLT,2020-03-29,18.34
Malta,MLT,2020-04-05,4.46
Malta,MLT,2020-04-12,15.62
Malta,MLT,2020-04-19,38.81
Malta,MLT,2020-04-26,-7.89
Malta,MLT,2020-05-03,11.78
Malta,MLT,2020-05-10,8.9
Malta,MLT,2020-05-17,17.55
Malta,MLT,2020-05-24,-15.03
Malta,MLT,2020-05-31,2.13
Malta,MLT,2020-06-07,12.46
Malta,MLT,2020-06-14,-11.21
Malta,MLT,2020-06-21,9.32
Malta,MLT,2020-06-28,-20.07
Malta,MLT,2020-07-05,16.16
Malta,MLT,2020-07-12,2.99
Malta,MLT,2020-07-19,18.08
Malta,MLT,2020-07-26,-0.32
Malta,MLT,2020-08-02,1.59
Malta,MLT,2020-08-09,0
Malta,MLT,2020-08-16,0
Malta,MLT,2020-08-23,44.13
Malta,MLT,2020-08-30,21.67
Malta,MLT,2020-09-06,14.89
Malta,MLT,2020-09-13,5.61
Malta,MLT,2020-09-20,17.1
Malta,MLT,2020-09-27,44.93
Malta,MLT,2020-10-04,48.41
Malta,MLT,2020-10-11,16.78
Malta,MLT,2020-10-18,-2.52
Malta,MLT,2020-10-25,11.3
Malta,MLT,2020-11-01,47.35
Malta,MLT,2020-11-08,44.33
Malta,MLT,2020-11-15,41.37
Malta,MLT,2020-11-22,36.65
Malta,MLT,2020-11-29,35.17
Malta,MLT,2020-12-06,55.88
Malta,MLT,2020-12-13,42.86
Malta,MLT,2020-12-20,53.3
Malta,MLT,2020-12-27,31.09
Malta,MLT,2021-01-03,3.25
Malta,MLT,2021-01-10,-7.48
Malta,MLT,2021-01-17,-0.24
Malta,MLT,2021-01-24,15.38
Malta,MLT,2021-01-31,2.97
Malta,MLT,2021-02-07,1.16
Malta,MLT,2021-02-14,-3.67
Malta,MLT,2021-02-21,0
Mauritius,MUS,2020-01-31,6.94
Mauritius,MUS,2020-02-29,7.48
Mauritius,MUS,2020-03-31,4.66
Mauritius,MUS,2020-04-30,5.77
Mauritius,MUS,2020-05-31,5.81
Mauritius,MUS,2020-06-30,12.21
Mauritius,MUS,2020-07-31,1.6
Mauritius,MUS,2020-08-31,7.6
Mauritius,MUS,2020-09-30,-0.07
Mauritius,MUS,2020-10-31,8.12
Mauritius,MUS,2020-11-30,10.71
Mauritius,MUS,2020-12-31,6.39
Mexico,MEX,2020-01-05,-11.4
Mexico,MEX,2020-01-12,7.21
Mexico,MEX,2020-01-19,5.04
Mexico,MEX,2020-01-26,3.26
Mexico,MEX,2020-02-02,1.06
Mexico,MEX,2020-02-09,3.96
Mexico,MEX,2020-02-16,0.38
Mexico,MEX,2020-02-23,0.15
Mexico,MEX,2020-03-01,-2.24
Mexico,MEX,2020-03-08,0.87
Mexico,MEX,2020-03-15,1.59
Mexico,MEX,2020-03-22,-2.96
Mexico,MEX,2020-03-29,3.19
Mexico,MEX,2020-04-05,1.23
Mexico,MEX,2020-04-12,7.6
Mexico,MEX,2020-04-19,16.32
Mexico,MEX,2020-04-26,30.51
Mexico,MEX,2020-05-03,45.53
Mexico,MEX,2020-05-10,59.93
Mexico,MEX,2020-05-17,71.95
Mexico,MEX,2020-05-24,75.84
Mexico,MEX,2020-05-31,80.81
Mexico,MEX,2020-06-07,88.74
Mexico,MEX,2020-06-14,94.99
Mexico,MEX,2020-06-21,93.58
Mexico,MEX,2020-06-28,94.02
Mexico,MEX,2020-07-05,99.3
Mexico,MEX,2020-07-12,106.93
Mexico,MEX,2020-07-19,104.43
Mexico,MEX,2020-07-26,98.72
Mexico,MEX,2020-08-02,90.99
Mexico,MEX,2020-08-09,87.75
Mexico,MEX,2020-08-16,77.69
Mexico,MEX,2020-08-23,72.33
Mexico,MEX,2020-08-30,66.21
Mexico,MEX,2020-09-06,58.94
Mexico,MEX,2020-09-13,50.74
Mexico,MEX,2020-09-20,43.44
Mexico,MEX,2020-09-27,47.42
Mexico,MEX,2020-10-04,40.19
Mexico,MEX,2020-10-11,41.61
Mexico,MEX,2020-10-18,41.18
Mexico,MEX,2020-10-25,45.98
Mexico,MEX,2020-11-01,48.31
Mexico,MEX,2020-11-08,54.97
Mexico,MEX,2020-11-15,54.74
Mexico,MEX,2020-11-22,53.45
Mexico,MEX,2020-11-29,56.55
Mexico,MEX,2020-12-06,61.7
Mexico,MEX,2020-12-13,66.11
Mexico,MEX,2020-12-20,72.57
Mexico,MEX,2020-12-27,85.95
Mexico,MEX,2021-01-03,67.99
Moldova,MDA,2020-01-31,-12.66
Moldova,MDA,2020-02-29,-6.65
Moldova,MDA,2020-03-31,-20.16
Moldova,MDA,2020-04-30,-26.54
Moldova,MDA,2020-05-31,20.86
Moldova,MDA,2020-06-30,12.82
Moldova,MDA,2020-07-31,21.67
Moldova,MDA,2020-08-31,1.68
Moldova,MDA,2020-09-30,22.92
Moldova,MDA,2020-10-31,21.61
Moldova,MDA,2020-11-30,14.75
Moldova,MDA,2020-12-31,39.94
Mongolia,MNG,2020-01-31,-3.44
Mongolia,MNG,2020-02-29,-0.22
Mongolia,MNG,2020-03-31,-10.14
Mongolia,MNG,2020-04-30,-2.6
Mongolia,MNG,2020-05-31,-9.33
Mongolia,MNG,2020-06-30,-1.69
Mongolia,MNG,2020-07-31,1.87
Mongolia,MNG,2020-08-31,-2.61
Mongolia,MNG,2020-09-30,1.18
Mongolia,MNG,2020-10-31,2.16
Mongolia,MNG,2020-11-30,-2.61
Montenegro,MNE,2020-01-05,-43.05
Montenegro,MNE,2020-01-12,-22.77
Montenegro,MNE,2020-01-19,-5.01
Montenegro,MNE,2020-01-26,-8.9
Montenegro,MNE,2020-02-02,-5.44
Montenegro,MNE,2020-02-09,12.78
Montenegro,MNE,2020-02-16,1.72
Montenegro,MNE,2020-02-23,-3.56
Montenegro,MNE,2020-03-01,-16.43
Montenegro,MNE,2020-03-08,1.59
Montenegro,MNE,2020-03-15,-6.15
Montenegro,MNE,2020-03-22,-4.73
Montenegro,MNE,2020-03-29,26.71
Montenegro,MNE,2020-04-05,-14.1
Montenegro,MNE,2020-04-12,2.52
Montenegro,MNE,2020-04-19,-3.75
Montenegro,MNE,2020-04-26,-18.55
Montenegro,MNE,2020-05-03,-7.28
Montenegro,MNE,2020-05-10,-13.16
Montenegro,MNE,2020-05-17,4.55
Montenegro,MNE,2020-05-24,1.8
Montenegro,MNE,2020-05-31,4.55
Montenegro,MNE,2020-06-07,-8.57
Montenegro,MNE,2020-06-14,-8.72
Montenegro,MNE,2020-06-21,-12.17
Montenegro,MNE,2020-06-28,-3.04
Montenegro,MNE,2020-07-05,37.84
Montenegro,MNE,2020-07-12,20.18
Montenegro,MNE,2020-07-19,28.98
Montenegro,MNE,2020-07-26,19.6
Montenegro,MNE,2020-08-02,25.63
Montenegro,MNE,2020-08-09,5.05
Montenegro,MNE,2020-08-16,2.75
Montenegro,MNE,2020-08-23,24.55
Montenegro,MNE,2020-08-30,27.13
Montenegro,MNE,2020-09-06,21.87
Montenegro,MNE,2020-09-13,13.47
Montenegro,MNE,2020-09-20,13.16
Montenegro,MNE,2020-09-27,33.57
Netherlands,NLD,2020-01-05,-5.45
Netherlands,NLD,2020-01-12,0.34
Netherlands,NLD,2020-01-19,-4.01
Netherlands,NLD,2020-01-26,-8.71
Netherlands,NLD,2020-02-02,-4.45
Netherlands,NLD,2020-02-09,-2.94
Netherlands,NLD,2020-02-16,-4.05
Netherlands,NLD,2020-02-23,-12.69
Netherlands,NLD,2020-03-01,-6.4
Netherlands,NLD,2020-03-08,-6.99
Netherlands,NLD,2020-03-15,0.85
Netherlands,NLD,2020-03-22,17.83
Netherlands,NLD,2020-03-29,46.53
Netherlands,NLD,2020-04-05,74.62
Netherlands,NLD,2020-04-12,74.98
Netherlands,NLD,2020-04-19,52.09
Netherlands,NLD,2020-04-26,39.73
Netherlands,NLD,2020-05-03,23.72
Netherlands,NLD,2020-05-10,7.31
Netherlands,NLD,2020-05-17,1.92
Netherlands,NLD,2020-05-24,1.85
Netherlands,NLD,2020-05-31,0.63
Netherlands,NLD,2020-06-07,1.39
Netherlands,NLD,2020-06-14,2.33
Netherlands,NLD,2020-06-21,2.96
Netherlands,NLD,2020-06-28,-0.02
Netherlands,NLD,2020-07-05,-3.67
Netherlands,NLD,2020-07-12,-0.61
Netherlands,NLD,2020-07-19,-4.89
Netherlands,NLD,2020-07-26,-0.52
Netherlands,NLD,2020-08-02,2.65
Netherlands,NLD,2020-08-09,0.43
Netherlands,NLD,2020-08-16,24.73
Netherlands,NLD,2020-08-23,9.71
Netherlands,NLD,2020-08-30,4.99
Netherlands,NLD,2020-09-06,4.75
Netherlands,NLD,2020-09-13,3.63
Netherlands,NLD,2020-09-20,3.53
Netherlands,NLD,2020-09-27,7.29
Netherlands,NLD,2020-10-04,10.24
Netherlands,NLD,2020-10-11,7.32
Netherlands,NLD,2020-10-18,16.77
Netherlands,NLD,2020-10-25,23.13
Netherlands,NLD,2020-11-01,31.86
Netherlands,NLD,2020-11-08,26.2
Netherlands,NLD,2020-11-15,25.56
Netherlands,NLD,2020-11-22,14.66
Netherlands,NLD,2020-11-29,17.15
Netherlands,NLD,2020-12-06,18.74
Netherlands,NLD,2020-12-13,17.29
Netherlands,NLD,2020-12-20,27.24
Netherlands,NLD,2020-12-27,28.07
Netherlands,NLD,2021-01-03,35.51
Netherlands,NLD,2021-01-10,26.06
Netherlands,NLD,2021-01-17,14.44
Netherlands,NLD,2021-01-24,16.84
Netherlands,NLD,2021-01-31,10.97
Netherlands,NLD,2021-02-07,9.93
Netherlands,NLD,2021-02-14,7.46
Netherlands,NLD,2021-02-21,4.7
Netherlands,NLD,2021-02-28,-5.87
Netherlands,NLD,2021-03-07,-7.09
Netherlands,NLD,2021-03-14,-0.65
New Zealand,NZL,2020-01-05,3.97
New Zealand,NZL,2020-01-12,-1.19
New Zealand,NZL,2020-01-19,11.59
New Zealand,NZL,2020-01-26,4.21
New Zealand,NZL,2020-02-02,7.33
New Zealand,NZL,2020-02-09,3.7
New Zealand,NZL,2020-02-16,11.75
New Zealand,NZL,2020-02-23,9.35
New Zealand,NZL,2020-03-01,3.05
New Zealand,NZL,2020-03-08,5.96
New Zealand,NZL,2020-03-15,2.04
New Zealand,NZL,2020-03-22,6.11
New Zealand,NZL,2020-03-29,3.23
New Zealand,NZL,2020-04-05,6.22
New Zealand,NZL,2020-04-12,11.28
New Zealand,NZL,2020-04-19,7.79
New Zealand,NZL,2020-04-26,4.19
New Zealand,NZL,2020-05-03,-8.18
New Zealand,NZL,2020-05-10,-0.41
New Zealand,NZL,2020-05-17,0.75
New Zealand,NZL,2020-05-24,-4.46
New Zealand,NZL,2020-05-31,-8.82
New Zealand,NZL,2020-06-07,-6.96
New Zealand,NZL,2020-06-14,-3.54
New Zealand,NZL,2020-06-21,-6.14
New Zealand,NZL,2020-06-28,-7.99
New Zealand,NZL,2020-07-05,-9.38
New Zealand,NZL,2020-07-12,-12.48
New Zealand,NZL,2020-07-19,-3.61
New Zealand,NZL,2020-07-26,-6.36
New Zealand,NZL,2020-08-02,-7.71
New Zealand,NZL,2020-08-09,-12.64
New Zealand,NZL,2020-08-16,-11.55
New Zealand,NZL,2020-08-23,-4.57
New Zealand,NZL,2020-08-30,-12.45
New Zealand,NZL,2020-09-06,-5.01
New Zealand,NZL,2020-09-13,-8.67
New Zealand,NZL,2020-09-20,-10.2
New Zealand,NZL,2020-09-27,-5.56
New Zealand,NZL,2020-10-04,1.24
New Zealand,NZL,2020-10-11,-7.1
New Zealand,NZL,2020-10-18,0
New Zealand,NZL,2020-10-25,12.14
New Zealand,NZL,2020-11-01,-5.82
New Zealand,NZL,2020-11-08,3.08
New Zealand,NZL,2020-11-15,-0.31
New Zealand,NZL,2020-11-22,0.1
New Zealand,NZL,2020-11-29,10.13
New Zealand,NZL,2020-12-06,11.46
New Zealand,NZL,2020-12-13,6.39
New Zealand,NZL,2020-12-20,15.04
New Zealand,NZL,2020-12-27,6.56
New Zealand,NZL,2021-01-03,14.75
New Zealand,NZL,2021-01-10,17.14
New Zealand,NZL,2021-01-17,7.14
New Zealand,NZL,2021-01-24,14.38
New Zealand,NZL,2021-01-31,2.5
New Zealand,NZL,2021-02-07,11.52
New Zealand,NZL,2021-02-14,12.7
New Zealand,NZL,2021-02-21,4.88
New Zealand,NZL,2021-02-28,-0.14
Nicaragua,NIC,2020-01-31,1.66
Nicaragua,NIC,2020-02-29,3.98
Nicaragua,NIC,2020-03-31,42.47
Nicaragua,NIC,2020-04-30,66.69
Nicaragua,NIC,2020-05-31,73.11
Nicaragua,NIC,2020-06-30,66.71
Nicaragua,NIC,2020-07-31,71.15
Nicaragua,NIC,2020-08-31,70.84
North Macedonia,MKD,2020-01-31,-14
North Macedonia,MKD,2020-02-29,-6.58
North Macedonia,MKD,2020-03-31,-7.15
North Macedonia,MKD,2020-04-30,0.85
North Macedonia,MKD,2020-05-31,-2.13
North Macedonia,MKD,2020-06-30,20.83
North Macedonia,MKD,2020-07-31,20.45
North Macedonia,MKD,2020-08-31,11.66
North Macedonia,MKD,2020-09-30,17.45
North Macedonia,MKD,2020-10-31,4.54
North Macedonia,MKD,2020-11-30,94.53
North Macedonia,MKD,2020-12-31,141.92
Northern Ireland,,2020-01-05,-14.11
Northern Ireland,,2020-01-12,-1.45
Northern Ireland,,2020-01-19,5.76
Northern Ireland,,2020-01-26,-8.44
Northern Ireland,,2020-02-02,-8.96
Northern Ireland,,2020-02-09,0.42
Northern Ireland,,2020-02-16,-3.35
Northern Ireland,,2020-02-23,-16.95
Northern Ireland,,2020-03-01,4.08
Northern Ireland,,2020-03-08,-9.88
Northern Ireland,,2020-03-15,3.71
Northern Ireland,,2020-03-22,-14.4
Northern Ireland,,2020-03-29,-6.76
Northern Ireland,,2020-04-05,56.68
Northern Ireland,,2020-04-12,45.19
Northern Ireland,,2020-04-19,45.7
Northern Ireland,,2020-04-26,56.98
Northern Ireland,,2020-05-03,43.38
Northern Ireland,,2020-05-10,20.95
Northern Ireland,,2020-05-17,34.88
Northern Ireland,,2020-05-24,10.85
Northern Ireland,,2020-05-31,23.05
Northern Ireland,,2020-06-07,4.25
Northern Ireland,,2020-06-14,2.89
Northern Ireland,,2020-06-21,5.53
Northern Ireland,,2020-06-28,4.31
Northern Ireland,,2020-07-05,3.66
Northern Ireland,,2020-07-12,17.82
Northern Ireland,,2020-07-19,-10.58
Northern Ireland,,2020-07-26,9.41
Northern Ireland,,2020-08-02,-1.87
Northern Ireland,,2020-08-09,8.86
Northern Ireland,,2020-08-16,5.22
Northern Ireland,,2020-08-23,14.48
Northern Ireland,,2020-08-30,22.57
Northern Ireland,,2020-09-06,-9.65
Northern Ireland,,2020-09-13,0.82
Northern Ireland,,2020-09-20,17.43
Northern Ireland,,2020-09-27,13.33
Northern Ireland,,2020-10-04,11.19
Northern Ireland,,2020-10-11,17.97
Northern Ireland,,2020-10-18,-5.63
Northern Ireland,,2020-10-25,39.44
Northern Ireland,,2020-11-01,28.22
Northern Ireland,,2020-11-08,32.28
Northern Ireland,,2020-11-15,29.63
Northern Ireland,,2020-11-22,27.58
Northern Ireland,,2020-11-29,11.9
Northern Ireland,,2020-12-06,20.34
Northern Ireland,,2020-12-13,7.65
Northern Ireland,,2020-12-20,3.67
Northern Ireland,,2020-12-27,45.13
Northern Ireland,,2021-01-03,55.9
Northern Ireland,,2021-01-10,38.2
Northern Ireland,,2021-01-17,10.81
Northern Ireland,,2021-01-24,21.98
Northern Ireland,,2021-01-31,15.3
Northern Ireland,,2021-02-07,30.21
Northern Ireland,,2021-02-14,15.55
Northern Ireland,,2021-02-21,11.18
Northern Ireland,,2021-02-28,-1.85
Northern Ireland,,2021-03-07,-4.32
Norway,NOR,2020-01-05,-6.75
Norway,NOR,2020-01-12,3.75
Norway,NOR,2020-01-19,-7.74
Norway,NOR,2020-01-26,-2.58
Norway,NOR,2020-02-02,-8.96
Norway,NOR,2020-02-09,-7.41
Norway,NOR,2020-02-16,-1.9
Norway,NOR,2020-02-23,-6.18
Norway,NOR,2020-03-01,-4.49
Norway,NOR,2020-03-08,-7.99
Norway,NOR,2020-03-15,-0.27
Norway,NOR,2020-03-22,-0.98
Norway,NOR,2020-03-29,9.45
Norway,NOR,2020-04-05,4.08
Norway,NOR,2020-04-12,6.92
Norway,NOR,2020-04-19,6.42
Norway,NOR,2020-04-26,-0.51
Norway,NOR,2020-05-03,1.4
Norway,NOR,2020-05-10,0.76
Norway,NOR,2020-05-17,-5.47
Norway,NOR,2020-05-24,1.07
Norway,NOR,2020-05-31,-7.23
Norway,NOR,2020-06-07,-4.93
Norway,NOR,2020-06-14,1.02
Norway,NOR,2020-06-21,2.07
Norway,NOR,2020-06-28,-6.97
Norway,NOR,2020-07-05,-6.63
Norway,NOR,2020-07-12,-7.38
Norway,NOR,2020-07-19,4.26
Norway,NOR,2020-07-26,1.05
Norway,NOR,2020-08-02,7.44
Norway,NOR,2020-08-09,2.76
Norway,NOR,2020-08-16,3.5
Norway,NOR,2020-08-23,4.02
Norway,NOR,2020-08-30,-4.83
Norway,NOR,2020-09-06,-1.77
Norway,NOR,2020-09-13,10.81
Norway,NOR,2020-09-20,7.13
Norway,NOR,2020-09-27,0.22
Norway,NOR,2020-10-04,7.64
Norway,NOR,2020-10-11,-0.99
Norway,NOR,2020-10-18,-4.83
Norway,NOR,2020-10-25,4.6
Norway,NOR,2020-11-01,4.46
Norway,NOR,2020-11-08,1.2
Norway,NOR,2020-11-15,-0.31
Norway,NOR,2020-11-22,2.82
Norway,NOR,2020-11-29,-3.23
Norway,NOR,2020-12-06,-4.63
Norway,NOR,2020-12-13,1.77
Norway,NOR,2020-12-20,-2.01
Norway,NOR,2020-12-27,-5.84
Norway,NOR,2021-01-03,-5.73
Norway,NOR,2021-01-10,-11.4
Norway,NOR,2021-01-17,-6.17
Norway,NOR,2021-01-24,-6.19
Norway,NOR,2021-01-31,-5.4
Norway,NOR,2021-02-07,-13.87
Norway,NOR,2021-02-14,-9.03
Norway,NOR,2021-02-21,-16.74
Oman,OMN,2020-01-31,2.3
Oman,OMN,2020-02-29,2.23
Oman,OMN,2020-03-31,8.04
Oman,OMN,2020-04-30,2
Oman,OMN,2020-05-31,10.69
Oman,OMN,2020-06-30,29.01
Oman,OMN,2020-07-31,43.47
Oman,OMN,2020-08-31,43.08
Oman,OMN,2020-09-30,58.26
Oman,OMN,2020-10-31,53.47
Oman,OMN,2020-11-30,29.57
Oman,OMN,2020-12-31,13.61
Oman,OMN,2021-01-31,4.56
Panama,PAN,2020-01-31,22.06
Panama,PAN,2020-02-29,5.59
Panama,PAN,2020-03-31,-18.48
Panama,PAN,2020-04-30,-95.59
Panama,PAN,2020-05-31,59.45
Panama,PAN,2020-06-30,42.36
Panama,PAN,2020-07-31,62.69
Panama,PAN,2020-08-31,62.74
Panama,PAN,2020-09-30,45.98
Panama,PAN,2020-10-31,27.44
Panama,PAN,2020-11-30,31.67
Panama,PAN,2020-12-31,29.04
Paraguay,PRY,2020-01-31,8.63
Paraguay,PRY,2020-02-29,22.64
Paraguay,PRY,2020-03-31,18.44
Paraguay,PRY,2020-04-30,2.25
Paraguay,PRY,2020-05-31,-5.22
Paraguay,PRY,2020-06-30,-9.12
Paraguay,PRY,2020-07-31,-6.04
Paraguay,PRY,2020-08-31,17.07
Paraguay,PRY,2020-09-30,28.22
Paraguay,PRY,2020-10-31,30.57
Paraguay,PRY,2020-11-30,20.96
Paraguay,PRY,2020-12-31,23.54
Philippines,PHL,2020-01-31,2.83
Philippines,PHL,2020-02-29,1.68
Philippines,PHL,2020-03-31,-4.52
Philippines,PHL,2020-04-30,-5.82
Philippines,PHL,2020-05-31,2.08
Philippines,PHL,2020-06-30,4.98
Philippines,PHL,2020-07-31,11.14
Philippines,PHL,2020-08-31,11.97
Philippines,PHL,2020-09-30,8.79
Philippines,PHL,2020-10-31,4.46
Philippines,PHL,2020-11-30,2.71
Poland,POL,2020-01-05,-0.47
Poland,POL,2020-01-12,-3.18
Poland,POL,2020-01-19,-5.63
Poland,POL,2020-01-26,-6.94
Poland,POL,2020-02-02,-3.51
Poland,POL,2020-02-09,-5.41
Poland,POL,2020-02-16,-2.86
Poland,POL,2020-02-23,-3.59
Poland,POL,2020-03-01,-3.61
Poland,POL,2020-03-08,-3.08
Poland,POL,2020-03-15,0.02
Poland,POL,2020-03-22,0.56
Poland,POL,2020-03-29,0.02
Poland,POL,2020-04-05,0.43
Poland,POL,2020-04-12,2.45
Poland,POL,2020-04-19,7.57
Poland,POL,2020-04-26,1.65
Poland,POL,2020-05-03,4.47
Poland,POL,2020-05-10,4.06
Poland,POL,2020-05-17,5.46
Poland,POL,2020-05-24,3.87
Poland,POL,2020-05-31,5.44
Poland,POL,2020-06-07,8.35
Poland,POL,2020-06-14,7.59
Poland,POL,2020-06-21,3.26
Poland,POL,2020-06-28,5.29
Poland,POL,2020-07-05,9.11
Poland,POL,2020-07-12,4.45
Poland,POL,2020-07-19,6.22
Poland,POL,2020-07-26,3.36
Poland,POL,2020-08-02,8.01
Poland,POL,2020-08-09,10.87
Poland,POL,2020-08-16,15.15
Poland,POL,2020-08-23,16.03
Poland,POL,2020-08-30,4.33
Poland,POL,2020-09-06,7.86
Poland,POL,2020-09-13,10.96
Poland,POL,2020-09-20,14.25
Poland,POL,2020-09-27,10.82
Poland,POL,2020-10-04,10.43
Poland,POL,2020-10-11,21.37
Poland,POL,2020-10-18,32.93
Poland,POL,2020-10-25,62.7
Poland,POL,2020-11-01,94.01
Poland,POL,2020-11-08,116.66
Poland,POL,2020-11-15,107.31
Poland,POL,2020-11-22,94.23
Poland,POL,2020-11-29,77.7
Poland,POL,2020-12-06,64.78
Poland,POL,2020-12-13,53.21
Poland,POL,2020-12-20,45.6
Poland,POL,2020-12-27,46.35
Poland,POL,2021-01-03,42.1
Poland,POL,2021-01-10,34.78
Poland,POL,2021-01-17,28.79
Poland,POL,2021-01-24,28.92
Poland,POL,2021-01-31,20.4
Poland,POL,2021-02-07,10.85
Poland,POL,2021-02-14,12.04
Poland,POL,2021-02-21,13.28
Poland,POL,2021-02-28,9.96
Poland,POL,2021-03-07,8.34
Poland,POL,2021-03-14,12.81
Portugal,PRT,2020-01-05,-10.18
Portugal,PRT,2020-01-12,-5.13
Portugal,PRT,2020-01-19,-3.03
Portugal,PRT,2020-01-26,-5.48
Portugal,PRT,2020-02-02,0.08
Portugal,PRT,2020-02-09,-5.93
Portugal,PRT,2020-02-16,-13.41
Portugal,PRT,2020-02-23,-5.82
Portugal,PRT,2020-03-01,-6.3
Portugal,PRT,2020-03-08,-6.69
Portugal,PRT,2020-03-15,3.8
Portugal,PRT,2020-03-22,10.29
Portugal,PRT,2020-03-29,17.75
Portugal,PRT,2020-04-05,21.45
Portugal,PRT,2020-04-12,23.77
Portugal,PRT,2020-04-19,18.88
Portugal,PRT,2020-04-26,16.2
Portugal,PRT,2020-05-03,10.05
Portugal,PRT,2020-05-10,13.09
Portugal,PRT,2020-05-17,5.05
Portugal,PRT,2020-05-24,7.93
Portugal,PRT,2020-05-31,21.72
Portugal,PRT,2020-06-07,7.59
Portugal,PRT,2020-06-14,-0.19
Portugal,PRT,2020-06-21,-2.22
Portugal,PRT,2020-06-28,14.54
Portugal,PRT,2020-07-05,13.55
Portugal,PRT,2020-07-12,20.79
Portugal,PRT,2020-07-19,44.09
Portugal,PRT,2020-07-26,31.46
Portugal,PRT,2020-08-02,16.38
Portugal,PRT,2020-08-09,7.67
Portugal,PRT,2020-08-16,5.97
Portugal,PRT,2020-08-23,4.93
Portugal,PRT,2020-08-30,15.5
Portugal,PRT,2020-09-06,11.77
Portugal,PRT,2020-09-13,24.82
Portugal,PRT,2020-09-20,16.3
Portugal,PRT,2020-09-27,1.15
Portugal,PRT,2020-10-04,11.64
Portugal,PRT,2020-10-11,15.01
Portugal,PRT,2020-10-18,13.92
Portugal,PRT,2020-10-25,11.88
Portugal,PRT,2020-11-01,24.33
Portugal,PRT,2020-11-08,25.88
Portugal,PRT,2020-11-15,31.75
Portugal,PRT,2020-11-22,27.49
Portugal,PRT,2020-11-29,22.02
Portugal,PRT,2020-12-06,27.03
Portugal,PRT,2020-12-13,32.48
Portugal,PRT,2020-12-20,21.51
Portugal,PRT,2020-12-27,9.55
Portugal,PRT,2021-01-03,23.38
Portugal,PRT,2021-01-10,36.52
Portugal,PRT,2021-01-17,64.03
Portugal,PRT,2021-01-24,76.03
Portugal,PRT,2021-01-31,69.51
Portugal,PRT,2021-02-07,47.09
Portugal,PRT,2021-02-14,26.97
Portugal,PRT,2021-02-21,7.63
Portugal,PRT,2021-02-28,-0.8
Qatar,QAT,2020-01-31,-2.83
Qatar,QAT,2020-02-29,5.1
Qatar,QAT,2020-03-31,14.75
Qatar,QAT,2020-04-30,-12.35
Qatar,QAT,2020-05-31,17.71
Qatar,QAT,2020-06-30,62.21
Qatar,QAT,2020-07-31,49.94
Qatar,QAT,2020-08-31,14.71
Qatar,QAT,2020-09-30,16.38
Qatar,QAT,2020-10-31,16.86
Qatar,QAT,2020-11-30,-16.5
Qatar,QAT,2020-12-31,5.34
Qatar,QAT,2021-01-31,7.29
Romania,ROU,2020-01-05,-9.79
Romania,ROU,2020-01-12,-8.94
Romania,ROU,2020-01-19,-7.32
Romania,ROU,2020-01-26,-8
Romania,ROU,2020-02-02,-6.61
Romania,ROU,2020-02-09,-3.04
Romania,ROU,2020-02-16,-4.3
Romania,ROU,2020-02-23,-7.81
Romania,ROU,2020-03-01,-5.54
Romania,ROU,2020-03-08,-6.12
Romania,ROU,2020-03-15,-6.29
Romania,ROU,2020-03-22,-5.96
Romania,ROU,2020-03-29,-2.01
Romania,ROU,2020-04-05,-0.28
Romania,ROU,2020-04-12,2.49
Romania,ROU,2020-04-19,1.66
Romania,ROU,2020-04-26,3.49
Romania,ROU,2020-05-03,-1.23
Romania,ROU,2020-05-10,2.15
Romania,ROU,2020-05-17,4.64
Romania,ROU,2020-05-24,-2.91
Romania,ROU,2020-05-31,-1.61
Romania,ROU,2020-06-07,5.15
Romania,ROU,2020-06-14,7.9
Romania,ROU,2020-06-21,-2.85
Romania,ROU,2020-06-28,5.17
Romania,ROU,2020-07-05,17.86
Romania,ROU,2020-07-12,8.75
Romania,ROU,2020-07-19,6.91
Romania,ROU,2020-07-26,6.66
Romania,ROU,2020-08-02,18.27
Romania,ROU,2020-08-09,17.65
Romania,ROU,2020-08-16,17.43
Romania,ROU,2020-08-23,18
Romania,ROU,2020-08-30,18.63
Romania,ROU,2020-09-06,15.83
Romania,ROU,2020-09-13,15.21
Romania,ROU,2020-09-20,15.39
Romania,ROU,2020-09-27,11.26
Romania,ROU,2020-10-04,11.57
Romania,ROU,2020-10-11,18.52
Romania,ROU,2020-10-18,23.44
Romania,ROU,2020-10-25,31.41
Romania,ROU,2020-11-01,40.02
Romania,ROU,2020-11-08,55.36
Romania,ROU,2020-11-15,59.95
Romania,ROU,2020-11-22,66
Romania,ROU,2020-11-29,68.32
Romania,ROU,2020-12-06,66.4
Romania,ROU,2020-12-13,55.29
Romania,ROU,2020-12-20,38.35
Romania,ROU,2020-12-27,34.52
Romania,ROU,2021-01-03,26.91
Romania,ROU,2021-01-10,10.92
Romania,ROU,2021-01-17,6.65
Romania,ROU,2021-01-24,14.53
Russia,RUS,2020-01-31,-4.85
Russia,RUS,2020-02-29,-4.77
Russia,RUS,2020-03-31,-7.44
Russia,RUS,2020-04-30,-1.89
Russia,RUS,2020-05-31,8.94
Russia,RUS,2020-06-30,8.08
Russia,RUS,2020-07-31,20.95
Russia,RUS,2020-08-31,4.99
Russia,RUS,2020-09-30,18.34
Russia,RUS,2020-10-31,32.73
Russia,RUS,2020-11-30,49.66
Russia,RUS,2020-12-31,58.13
Russia,RUS,2021-01-31,27.45
San Marino,SMR,2020-01-31,-3.36
San Marino,SMR,2020-02-29,17.12
San Marino,SMR,2020-03-31,135.85
San Marino,SMR,2020-04-30,37.17
San Marino,SMR,2020-05-31,23.76
San Marino,SMR,2020-06-30,35.51
San Marino,SMR,2020-07-31,26.32
San Marino,SMR,2020-08-31,2.94
San Marino,SMR,2020-09-30,-9.09
San Marino,SMR,2020-10-31,30.21
San Marino,SMR,2020-11-30,23.81
San Marino,SMR,2020-12-31,110.28
Scotland,,2020-01-05,-8.93
Scotland,,2020-01-12,0.47
Scotland,,2020-01-19,-4.34
Scotland,,2020-01-26,-6.88
Scotland,,2020-02-02,-7.16
Scotland,,2020-02-09,-3.01
Scotland,,2020-02-16,-7.72
Scotland,,2020-02-23,-6.8
Scotland,,2020-03-01,0.53
Scotland,,2020-03-08,-1.68
Scotland,,2020-03-15,2.48
Scotland,,2020-03-22,6.75
Scotland,,2020-03-29,-3.51
Scotland,,2020-04-05,58.78
Scotland,,2020-04-12,79.85
Scotland,,2020-04-19,79.54
Scotland,,2020-04-26,68.94
Scotland,,2020-05-03,55.55
Scotland,,2020-05-10,38.75
Scotland,,2020-05-17,33.55
Scotland,,2020-05-24,17.28
Scotland,,2020-05-31,10.94
Scotland,,2020-06-07,3.5
Scotland,,2020-06-14,3.4
Scotland,,2020-06-21,4.47
Scotland,,2020-06-28,-1.75
Scotland,,2020-07-05,-3.44
Scotland,,2020-07-12,-4.7
Scotland,,2020-07-19,3.69
Scotland,,2020-07-26,-1.58
Scotland,,2020-08-02,4.89
Scotland,,2020-08-09,0.84
Scotland,,2020-08-16,-6.47
Scotland,,2020-08-23,4.68
Scotland,,2020-08-30,4.76
Scotland,,2020-09-06,6.28
Scotland,,2020-09-13,6.05
Scotland,,2020-09-20,-5.42
Scotland,,2020-09-27,-10.84
Scotland,,2020-10-04,15.24
Scotland,,2020-10-11,-0.63
Scotland,,2020-10-18,6.78
Scotland,,2020-10-25,12.79
Scotland,,2020-11-01,16.94
Scotland,,2020-11-08,13.12
Scotland,,2020-11-15,17.45
Scotland,,2020-11-22,20.33
Scotland,,2020-11-29,17.57
Scotland,,2020-12-06,13.72
Scotland,,2020-12-13,3.9
Scotland,,2020-12-20,1.97
Scotland,,2020-12-27,13.61
Scotland,,2021-01-03,11.07
Scotland,,2021-01-10,34.8
Scotland,,2021-01-17,-0.62
Scotland,,2021-01-24,12.81
Scotland,,2021-01-31,21.83
Scotland,,2021-02-07,17.69
Scotland,,2021-02-14,12.62
Scotland,,2021-02-21,12.93
Scotland,,2021-02-28,6.27
Scotland,,2021-03-07,3.28
Scotland,,2021-03-14,-7.29
Serbia,SRB,2020-01-31,-11.42
Serbia,SRB,2020-02-29,-1.49
Serbia,SRB,2020-03-31,-11.61
Serbia,SRB,2020-04-30,1.8
Serbia,SRB,2020-05-31,4.05
Serbia,SRB,2020-06-30,6.85
Serbia,SRB,2020-07-31,24.09
Serbia,SRB,2020-08-31,13.29
Serbia,SRB,2020-09-30,8.04
Serbia,SRB,2020-10-31,-1.42
Serbia,SRB,2020-11-30,31
Serbia,SRB,2020-12-31,80.6
Serbia,SRB,2021-01-31,5.99
Singapore,SGP,2020-01-31,17.37
Singapore,SGP,2020-02-29,10.66
Singapore,SGP,2020-03-31,6.73
Singapore,SGP,2020-04-30,13.48
Singapore,SGP,2020-05-31,4.57
Singapore,SGP,2020-06-30,-0.4
Singapore,SGP,2020-07-31,-3.49
Singapore,SGP,2020-08-31,5.36
Singapore,SGP,2020-09-30,7.98
Singapore,SGP,2020-10-31,1.6
Singapore,SGP,2020-11-30,7.35
Singapore,SGP,2020-12-31,5.19
Slovakia,SVK,2020-01-05,-1.02
Slovakia,SVK,2020-01-12,-4.21
Slovakia,SVK,2020-01-19,-9.5
Slovakia,SVK,2020-01-26,-4.6
Slovakia,SVK,2020-02-02,-5.08
Slovakia,SVK,2020-02-09,-7.74
Slovakia,SVK,2020-02-16,-0.62
Slovakia,SVK,2020-02-23,-8.57
Slovakia,SVK,2020-03-01,-3.32
Slovakia,SVK,2020-03-08,-1.34
Slovakia,SVK,2020-03-15,1.83
Slovakia,SVK,2020-03-22,9.93
Slovakia,SVK,2020-03-29,0.25
Slovakia,SVK,2020-04-05,6.4
Slovakia,SVK,2020-04-12,-4.07
Slovakia,SVK,2020-04-19,-4.76
Slovakia,SVK,2020-04-26,-3.15
Slovakia,SVK,2020-05-03,-0.94
Slovakia,SVK,2020-05-10,5.3
Slovakia,SVK,2020-05-17,3.69
Slovakia,SVK,2020-05-24,-0.79
Slovakia,SVK,2020-05-31,-4.26
Slovakia,SVK,2020-06-07,4.42
Slovakia,SVK,2020-06-14,0.91
Slovakia,SVK,2020-06-21,-5.88
Slovakia,SVK,2020-06-28,1.12
Slovakia,SVK,2020-07-05,4.76
Slovakia,SVK,2020-07-12,3.29
Slovakia,SVK,2020-07-19,-0.04
Slovakia,SVK,2020-07-26,-6.49
Slovakia,SVK,2020-08-02,0.92
Slovakia,SVK,2020-08-09,10.45
Slovakia,SVK,2020-08-16,0.23
Slovakia,SVK,2020-08-23,2.7
Slovakia,SVK,2020-08-30,7.21
Slovakia,SVK,2020-09-06,2.47
Slovakia,SVK,2020-09-13,8.89
Slovakia,SVK,2020-09-20,-1.55
Slovakia,SVK,2020-09-27,5.13
Slovakia,SVK,2020-10-04,14.72
Slovakia,SVK,2020-10-11,8.91
Slovakia,SVK,2020-10-18,19.16
Slovakia,SVK,2020-10-25,30.1
Slovakia,SVK,2020-11-01,36.23
Slovakia,SVK,2020-11-08,42.73
Slovakia,SVK,2020-11-15,40.31
Slovakia,SVK,2020-11-22,35.96
Slovakia,SVK,2020-11-29,41.34
Slovakia,SVK,2020-12-06,49.35
Slovakia,SVK,2020-12-13,53.52
Slovakia,SVK,2020-12-20,48.67
Slovakia,SVK,2020-12-27,64.07
Slovakia,SVK,2021-01-03,88.42
Slovakia,SVK,2021-01-10,75.79
Slovakia,SVK,2021-01-17,76.63
Slovakia,SVK,2021-01-24,59.42
Slovakia,SVK,2021-01-31,50.12
Slovenia,SVN,2020-01-05,-5.12
Slovenia,SVN,2020-01-12,-6.62
Slovenia,SVN,2020-01-19,-7.9
Slovenia,SVN,2020-01-26,-4.5
Slovenia,SVN,2020-02-02,-2.75
Slovenia,SVN,2020-02-09,-2.61
Slovenia,SVN,2020-02-16,8.01
Slovenia,SVN,2020-02-23,-3.18
Slovenia,SVN,2020-03-01,-6.44
Slovenia,SVN,2020-03-08,3.18
Slovenia,SVN,2020-03-15,-1.23
Slovenia,SVN,2020-03-22,5.64
Slovenia,SVN,2020-03-29,-8.75
Slovenia,SVN,2020-04-05,-5.08
Slovenia,SVN,2020-04-12,14.7
Slovenia,SVN,2020-04-19,8.47
Slovenia,SVN,2020-04-26,3
Slovenia,SVN,2020-05-03,-2.53
Slovenia,SVN,2020-05-10,5.38
Slovenia,SVN,2020-05-17,-0.23
Slovenia,SVN,2020-05-24,14.25
Slovenia,SVN,2020-05-31,-6.18
Slovenia,SVN,2020-06-07,-0.98
Slovenia,SVN,2020-06-14,10.72
Slovenia,SVN,2020-06-21,7.99
Slovenia,SVN,2020-06-28,25.15
Slovenia,SVN,2020-07-05,4.74
Slovenia,SVN,2020-07-12,-4.65
Slovenia,SVN,2020-07-19,-0.68
Slovenia,SVN,2020-07-26,0.33
Slovenia,SVN,2020-08-02,11.58
Slovenia,SVN,2020-08-09,5.55
Slovenia,SVN,2020-08-16,11.11
Slovenia,SVN,2020-08-23,-2
Slovenia,SVN,2020-08-30,-5.01
Slovenia,SVN,2020-09-06,10.32
Slovenia,SVN,2020-09-13,9.44
Slovenia,SVN,2020-09-20,16.28
Slovenia,SVN,2020-09-27,0.74
Slovenia,SVN,2020-10-04,8.68
Slovenia,SVN,2020-10-11,7.91
Slovenia,SVN,2020-10-18,17.81
Slovenia,SVN,2020-10-25,32.51
Slovenia,SVN,2020-11-01,57.26
Slovenia,SVN,2020-11-08,66.13
Slovenia,SVN,2020-11-15,87.82
Slovenia,SVN,2020-11-22,93.18
Slovenia,SVN,2020-11-29,108.65
Slovenia,SVN,2020-12-06,98.65
Slovenia,SVN,2020-12-13,92.29
Slovenia,SVN,2020-12-20,74.86
Slovenia,SVN,2020-12-27,65.94
Slovenia,SVN,2021-01-03,59.84
Slovenia,SVN,2021-01-10,35.42
Slovenia,SVN,2021-01-17,35.91
Slovenia,SVN,2021-01-24,25.81
Slovenia,SVN,2021-01-31,10.43
Slovenia,SVN,2021-02-07,7.3
Slovenia,SVN,2021-02-14,-7.41
South Korea,KOR,2020-01-05,5.64
South Korea,KOR,2020-01-12,3.11
South Korea,KOR,2020-01-19,5.09
South Korea,KOR,2020-01-26,7.84
South Korea,KOR,2020-02-02,6.89
South Korea,KOR,2020-02-09,9.75
South Korea,KOR,2020-02-16,5.17
South Korea,KOR,2020-02-23,1.09
South Korea,KOR,2020-03-01,2.39
South Korea,KOR,2020-03-08,2.75
South Korea,KOR,2020-03-15,3.66
South Korea,KOR,2020-03-22,3.98
South Korea,KOR,2020-03-29,1.93
South Korea,KOR,2020-04-05,0.72
South Korea,KOR,2020-04-12,7.74
South Korea,KOR,2020-04-19,4.06
South Korea,KOR,2020-04-26,3.81
South Korea,KOR,2020-05-03,9.28
South Korea,KOR,2020-05-10,3.23
South Korea,KOR,2020-05-17,1.11
South Korea,KOR,2020-05-24,4.22
South Korea,KOR,2020-05-31,1.27
South Korea,KOR,2020-06-07,8.56
South Korea,KOR,2020-06-14,7.96
South Korea,KOR,2020-06-21,5.08
South Korea,KOR,2020-06-28,6.13
South Korea,KOR,2020-07-05,6.18
South Korea,KOR,2020-07-12,2.96
South Korea,KOR,2020-07-19,7.58
South Korea,KOR,2020-07-26,6.67
South Korea,KOR,2020-08-02,4.16
South Korea,KOR,2020-08-09,3.04
South Korea,KOR,2020-08-16,11.2
South Korea,KOR,2020-08-23,15.51
South Korea,KOR,2020-08-30,13.04
South Korea,KOR,2020-09-06,7.16
South Korea,KOR,2020-09-13,7.92
South Korea,KOR,2020-09-20,9.32
South Korea,KOR,2020-09-27,8.07
South Korea,KOR,2020-10-04,6.08
South Korea,KOR,2020-10-11,9.36
South Korea,KOR,2020-10-18,5.45
South Korea,KOR,2020-10-25,8.63
South Korea,KOR,2020-11-01,8.9
South Korea,KOR,2020-11-08,8.05
South Korea,KOR,2020-11-15,7.69
South Korea,KOR,2020-11-22,6.13
South Korea,KOR,2020-11-29,2.13
South Korea,KOR,2020-12-06,8.25
South Korea,KOR,2020-12-13,3.66
South Korea,KOR,2020-12-20,-0.06
South Korea,KOR,2020-12-27,2.84
South Korea,KOR,2021-01-03,2.9
South Korea,KOR,2021-01-10,0.32
South Korea,KOR,2021-01-17,0.89
South Korea,KOR,2021-01-24,-0.79
South Korea,KOR,2021-01-31,-6.34
Spain,ESP,2020-01-05,-12.26
Spain,ESP,2020-01-12,-9.15
Spain,ESP,2020-01-19,-5.65
Spain,ESP,2020-01-26,-2.4
Spain,ESP,2020-02-02,-1.11
Spain,ESP,2020-02-09,-6.48
Spain,ESP,2020-02-16,-8.58
Spain,ESP,2020-02-23,-10.73
Spain,ESP,2020-03-01,-8.98
Spain,ESP,2020-03-08,-4.93
Spain,ESP,2020-03-15,10.43
Spain,ESP,2020-03-22,54.49
Spain,ESP,2020-03-29,137.89
Spain,ESP,2020-04-05,156.3
Spain,ESP,2020-04-12,115.22
Spain,ESP,2020-04-19,68.99
Spain,ESP,2020-04-26,34.86
Spain,ESP,2020-05-03,18.77
Spain,ESP,2020-05-10,10.74
Spain,ESP,2020-05-17,-0.71
Spain,ESP,2020-05-24,1.51
Spain,ESP,2020-05-31,3.36
Spain,ESP,2020-06-07,-3.89
Spain,ESP,2020-06-14,-7.09
Spain,ESP,2020-06-21,-6.84
Spain,ESP,2020-06-28,0.38
Spain,ESP,2020-07-05,2.68
Spain,ESP,2020-07-12,3.82
Spain,ESP,2020-07-19,3.57
Spain,ESP,2020-07-26,7.86
Spain,ESP,2020-08-02,16.08
Spain,ESP,2020-08-09,15.47
Spain,ESP,2020-08-16,16.39
Spain,ESP,2020-08-23,14.05
Spain,ESP,2020-08-30,15.6
Spain,ESP,2020-09-06,15.22
Spain,ESP,2020-09-13,20.99
Spain,ESP,2020-09-20,19.74
Spain,ESP,2020-09-27,16.54
Spain,ESP,2020-10-04,17.64
Spain,ESP,2020-10-11,22.04
Spain,ESP,2020-10-18,20.65
Spain,ESP,2020-10-25,31.4
Spain,ESP,2020-11-01,30.81
Spain,ESP,2020-11-08,37.63
Spain,ESP,2020-11-15,29.9
Spain,ESP,2020-11-22,24.93
Spain,ESP,2020-11-29,19.97
Spain,ESP,2020-12-06,19.49
Spain,ESP,2020-12-13,13.87
Spain,ESP,2020-12-20,8.99
Spain,ESP,2020-12-27,1.26
Spain,ESP,2021-01-03,3.9
Spain,ESP,2021-01-10,7.88
Spain,ESP,2021-01-17,17.48
Spain,ESP,2021-01-24,26.39
Spain,ESP,2021-01-31,27.45
Spain,ESP,2021-02-07,18.11
Spain,ESP,2021-02-14,8.55
Spain,ESP,2021-02-21,0.54
Spain,ESP,2021-02-28,-6.51
Sweden,SWE,2020-01-05,-7.77
Sweden,SWE,2020-01-12,-3.15
Sweden,SWE,2020-01-19,-5.98
Sweden,SWE,2020-01-26,-10.06
Sweden,SWE,2020-02-02,-2.05
Sweden,SWE,2020-02-09,-8.58
Sweden,SWE,2020-02-16,-5.36
Sweden,SWE,2020-02-23,-10.77
Sweden,SWE,2020-03-01,-10.07
Sweden,SWE,2020-03-08,-4.65
Sweden,SWE,2020-03-15,-8.94
Sweden,SWE,2020-03-22,3.73
Sweden,SWE,2020-03-29,12.05
Sweden,SWE,2020-04-05,32.11
Sweden,SWE,2020-04-12,47.05
Sweden,SWE,2020-04-19,43.37
Sweden,SWE,2020-04-26,33.83
Sweden,SWE,2020-05-03,35.78
Sweden,SWE,2020-05-10,33.28
Sweden,SWE,2020-05-17,26.53
Sweden,SWE,2020-05-24,22.76
Sweden,SWE,2020-05-31,6.02
Sweden,SWE,2020-06-07,13.92
Sweden,SWE,2020-06-14,12.85
Sweden,SWE,2020-06-21,8.7
Sweden,SWE,2020-06-28,7.34
Sweden,SWE,2020-07-05,-0.91
Sweden,SWE,2020-07-12,0.28
Sweden,SWE,2020-07-19,-3.79
Sweden,SWE,2020-07-26,-1.38
Sweden,SWE,2020-08-02,-2.24
Sweden,SWE,2020-08-09,2.71
Sweden,SWE,2020-08-16,-0.69
Sweden,SWE,2020-08-23,2.55
Sweden,SWE,2020-08-30,-6.4
Sweden,SWE,2020-09-06,-3.47
Sweden,SWE,2020-09-13,-1.52
Sweden,SWE,2020-09-20,-3.56
Sweden,SWE,2020-09-27,-1.91
Sweden,SWE,2020-10-04,-5.68
Sweden,SWE,2020-10-11,-6.53
Sweden,SWE,2020-10-18,-0.93
Sweden,SWE,2020-10-25,-6.01
Sweden,SWE,2020-11-01,-0.26
Sweden,SWE,2020-11-08,0.6
Sweden,SWE,2020-11-15,10.55
Sweden,SWE,2020-11-22,19.45
Sweden,SWE,2020-11-29,12.73
Sweden,SWE,2020-12-06,20.27
Sweden,SWE,2020-12-13,20.79
Sweden,SWE,2020-12-20,27.68
Sweden,SWE,2020-12-27,26.5
Sweden,SWE,2021-01-03,29.62
Sweden,SWE,2021-01-10,16.38
Sweden,SWE,2021-01-17,16.41
Sweden,SWE,2021-01-24,14.82
Sweden,SWE,2021-01-31,6.83
Sweden,SWE,2021-02-07,-2.84
Sweden,SWE,2021-02-14,-2.23
Sweden,SWE,2021-02-21,-5.73
Switzerland,CHE,2020-01-05,-10.46
Switzerland,CHE,2020-01-12,-7.68
Switzerland,CHE,2020-01-19,-4.77
Switzerland,CHE,2020-01-26,-2.85
Switzerland,CHE,2020-02-02,-2.79
Switzerland,CHE,2020-02-09,-7.06
Switzerland,CHE,2020-02-16,-8.14
Switzerland,CHE,2020-02-23,-9.22
Switzerland,CHE,2020-03-01,-11.4
Switzerland,CHE,2020-03-08,-6.23
Switzerland,CHE,2020-03-15,0.55
Switzerland,CHE,2020-03-22,14.2
Switzerland,CHE,2020-03-29,26.97
Switzerland,CHE,2020-04-05,44.48
Switzerland,CHE,2020-04-12,33.34
Switzerland,CHE,2020-04-19,28.24
Switzerland,CHE,2020-04-26,14.8
Switzerland,CHE,2020-05-03,1.81
Switzerland,CHE,2020-05-10,-1
Switzerland,CHE,2020-05-17,-1.79
Switzerland,CHE,2020-05-24,-1.42
Switzerland,CHE,2020-05-31,-4.65
Switzerland,CHE,2020-06-07,0.74
Switzerland,CHE,2020-06-14,1.11
Switzerland,CHE,2020-06-21,-2.13
Switzerland,CHE,2020-06-28,-0.99
Switzerland,CHE,2020-07-05,-0.92
Switzerland,CHE,2020-07-12,-0.79
Switzerland,CHE,2020-07-19,-8.84
Switzerland,CHE,2020-07-26,-2.99
Switzerland,CHE,2020-08-02,9.12
Switzerland,CHE,2020-08-09,0.62
Switzerland,CHE,2020-08-16,5.71
Switzerland,CHE,2020-08-23,3.45
Switzerland,CHE,2020-08-30,0.67
Switzerland,CHE,2020-09-06,-0.05
Switzerland,CHE,2020-09-13,5.59
Switzerland,CHE,2020-09-20,2.76
Switzerland,CHE,2020-09-27,2.86
Switzerland,CHE,2020-10-04,-1.12
Switzerland,CHE,2020-10-11,7.11
Switzerland,CHE,2020-10-18,3.44
Switzerland,CHE,2020-10-25,20.58
Switzerland,CHE,2020-11-01,35.45
Switzerland,CHE,2020-11-08,63.97
Switzerland,CHE,2020-11-15,67.03
Switzerland,CHE,2020-11-22,68.52
Switzerland,CHE,2020-11-29,58.51
Switzerland,CHE,2020-12-06,64.52
Switzerland,CHE,2020-12-13,66.59
Switzerland,CHE,2020-12-20,59.86
Switzerland,CHE,2020-12-27,51.89
Switzerland,CHE,2021-01-03,42.3
Switzerland,CHE,2021-01-10,26.92
Switzerland,CHE,2021-01-17,18.48
Switzerland,CHE,2021-01-24,15.72
Switzerland,CHE,2021-01-31,7.57
Switzerland,CHE,2021-02-07,-5.45
Switzerland,CHE,2021-02-14,-10.05
Switzerland,CHE,2021-02-21,-19.09
Switzerland,CHE,2021-02-28,-22.28
Taiwan,TWN,2020-01-05,4.05
Taiwan,TWN,2020-01-12,3.48
Taiwan,TWN,2020-01-19,1.12
Taiwan,TWN,2020-01-26,2.14
Taiwan,TWN,2020-02-02,5.41
Taiwan,TWN,2020-02-09,6.57
Taiwan,TWN,2020-02-16,0.73
Taiwan,TWN,2020-02-23,-1.46
Taiwan,TWN,2020-03-01,-1.24
Taiwan,TWN,2020-03-08,1.51
Taiwan,TWN,2020-03-15,-8.13
Taiwan,TWN,2020-03-22,1.34
Taiwan,TWN,2020-03-29,-3.99
Taiwan,TWN,2020-04-05,-2.31
Taiwan,TWN,2020-04-12,1.65
Taiwan,TWN,2020-04-19,9.24
Taiwan,TWN,2020-04-26,0.55
Taiwan,TWN,2020-05-03,3.79
Taiwan,TWN,2020-05-10,5.89
Taiwan,TWN,2020-05-17,0.63
Taiwan,TWN,2020-05-24,-5.07
Taiwan,TWN,2020-05-31,-2.76
Taiwan,TWN,2020-06-07,0.25
Taiwan,TWN,2020-06-14,-1.06
Taiwan,TWN,2020-06-21,-2.91
Taiwan,TWN,2020-06-28,0.07
Taiwan,TWN,2020-07-05,-1.68
Taiwan,TWN,2020-07-12,-5.85
Taiwan,TWN,2020-07-19,-0.22
Taiwan,TWN,2020-07-26,-1.3
Taiwan,TWN,2020-08-02,-3.7
Taiwan,TWN,2020-08-09,-5.13
Taiwan,TWN,2020-08-16,-2.03
Taiwan,TWN,2020-08-23,0.33
Taiwan,TWN,2020-08-30,-3.54
Taiwan,TWN,2020-09-06,-1.01
Taiwan,TWN,2020-09-13,-2.37
Taiwan,TWN,2020-09-20,-0.35
Taiwan,TWN,2020-09-27,0.77
Taiwan,TWN,2020-10-04,-1.63
Taiwan,TWN,2020-10-11,0.98
Taiwan,TWN,2020-10-18,-0.01
Taiwan,TWN,2020-10-25,1.8
Taiwan,TWN,2020-11-01,4.35
Taiwan,TWN,2020-11-08,0.64
Taiwan,TWN,2020-11-15,4.38
Taiwan,TWN,2020-11-22,6.22
Taiwan,TWN,2020-11-29,1.93
Taiwan,TWN,2020-12-06,0.09
Taiwan,TWN,2020-12-13,0.71
Taiwan,TWN,2020-12-20,1.97
Taiwan,TWN,2020-12-27,2.98
Thailand,THA,2020-01-31,10.03
Thailand,THA,2020-02-29,3.77
Thailand,THA,2020-03-31,9.93
Thailand,THA,2020-04-30,-5.31
Thailand,THA,2020-05-31,-2.98
Thailand,THA,2020-06-30,6.54
Thailand,THA,2020-07-31,1.3
Thailand,THA,2020-08-31,2.4
Thailand,THA,2020-09-30,1.18
Thailand,THA,2020-10-31,-0.48
Thailand,THA,2020-11-30,10.04
Thailand,THA,2020-12-31,11.63
Thailand,THA,2021-01-31,9.01
Transnistria,OWID_TRS,2020-01-31,-12.7
Transnistria,OWID_TRS,2020-02-29,-10.17
Transnistria,OWID_TRS,2020-03-31,0.59
Transnistria,OWID_TRS,2020-04-30,-12.96
Transnistria,OWID_TRS,2020-05-31,-1.6
Transnistria,OWID_TRS,2020-06-30,8.53
Transnistria,OWID_TRS,2020-07-31,12.42
Transnistria,OWID_TRS,2020-08-31,-4.92
Transnistria,OWID_TRS,2020-09-30,20.33
Transnistria,OWID_TRS,2020-10-31,6.41
Transnistria,OWID_TRS,2020-11-30,15.27
Transnistria,OWID_TRS,2020-12-31,75.32
Transnistria,OWID_TRS,2021-01-31,30.16
Tunisia,TUN,2020-01-05,3.21
Tunisia,TUN,2020-01-12,-2.28
Tunisia,TUN,2020-01-19,5.49
Tunisia,TUN,2020-01-26,4.35
Tunisia,TUN,2020-02-02,6.08
Tunisia,TUN,2020-02-09,6.74
Tunisia,TUN,2020-02-16,4.82
Tunisia,TUN,2020-02-23,0.05
Tunisia,TUN,2020-03-01,-5.64
Tunisia,TUN,2020-03-08,-2.82
Tunisia,TUN,2020-03-15,-2.14
Tunisia,TUN,2020-03-22,-0.49
Tunisia,TUN,2020-03-29,1
Tunisia,TUN,2020-04-05,2.81
Tunisia,TUN,2020-04-12,0.59
Tunisia,TUN,2020-04-19,-4.77
Tunisia,TUN,2020-04-26,-7.16
Tunisia,TUN,2020-05-03,-3.51
Tunisia,TUN,2020-05-10,-4.24
Tunisia,TUN,2020-05-17,-0.9
Tunisia,TUN,2020-05-24,-1.15
Tunisia,TUN,2020-05-31,-6.69
Tunisia,TUN,2020-06-07,-1.15
Tunisia,TUN,2020-06-14,0.74
Tunisia,TUN,2020-06-21,1.19
Tunisia,TUN,2020-06-28,11.47
Tunisia,TUN,2020-07-05,-0.67
Tunisia,TUN,2020-07-12,-3.58
Tunisia,TUN,2020-07-19,-5.83
Tunisia,TUN,2020-07-26,-1.77
Tunisia,TUN,2020-08-02,14.59
Tunisia,TUN,2020-08-09,-7.84
Tunisia,TUN,2020-08-16,12.71
Tunisia,TUN,2020-08-23,18.36
Tunisia,TUN,2020-08-30,4.65
Tunisia,TUN,2020-09-06,5
Tunisia,TUN,2020-09-13,0.83
Tunisia,TUN,2020-09-20,21.04
Tunisia,TUN,2020-09-27,23.99
Tunisia,TUN,2020-10-04,34.14
Tunisia,TUN,2020-10-11,38.14
Tunisia,TUN,2020-10-18,56.91
Tunisia,TUN,2020-10-25,57.3
Tunisia,TUN,2020-11-01,54.73
Tunisia,TUN,2020-11-08,41.72
Tunisia,TUN,2020-11-15,31.99
Tunisia,TUN,2020-11-22,36.98
Tunisia,TUN,2020-11-29,30.69
Tunisia,TUN,2020-12-06,36.22
Tunisia,TUN,2020-12-13,30.5
Tunisia,TUN,2020-12-20,25.86
Tunisia,TUN,2020-12-27,29.07
Tunisia,TUN,2021-01-10,35.95
Tunisia,TUN,2021-01-17,34.68
Tunisia,TUN,2021-01-24,30.79
Tunisia,TUN,2021-01-31,28.41
Tunisia,TUN,2021-02-07,21.53
Tunisia,TUN,2021-02-14,4.74
Ukraine,UKR,2020-01-31,-6.18
Ukraine,UKR,2020-02-29,-2.45
Ukraine,UKR,2020-03-31,-7.22
Ukraine,UKR,2020-04-30,-5.87
Ukraine,UKR,2020-05-31,-12.56
Ukraine,UKR,2020-06-30,4.64
Ukraine,UKR,2020-07-31,2.99
Ukraine,UKR,2020-08-31,-0.5
Ukraine,UKR,2020-09-30,14
Ukraine,UKR,2020-10-31,18.47
Ukraine,UKR,2020-11-30,30.6
Ukraine,UKR,2020-12-31,33.82
United Kingdom,GBR,2020-01-05,-0.26
United Kingdom,GBR,2020-01-12,1.5
United Kingdom,GBR,2020-01-19,-1.74
United Kingdom,GBR,2020-01-26,-7.12
United Kingdom,GBR,2020-02-02,-5.15
United Kingdom,GBR,2020-02-09,-7.21
United Kingdom,GBR,2020-02-16,-5.95
United Kingdom,GBR,2020-02-23,-6.46
United Kingdom,GBR,2020-03-01,-2.72
United Kingdom,GBR,2020-03-08,-4.99
United Kingdom,GBR,2020-03-15,-1.15
United Kingdom,GBR,2020-03-22,0.91
United Kingdom,GBR,2020-03-29,8.32
United Kingdom,GBR,2020-04-05,58.96
United Kingdom,GBR,2020-04-12,75.63
United Kingdom,GBR,2020-04-19,108.4
United Kingdom,GBR,2020-04-26,105.22
United Kingdom,GBR,2020-05-03,77.34
United Kingdom,GBR,2020-05-10,32.55
United Kingdom,GBR,2020-05-17,41.95
United Kingdom,GBR,2020-05-24,22.73
United Kingdom,GBR,2020-05-31,19.29
United Kingdom,GBR,2020-06-07,6.93
United Kingdom,GBR,2020-06-14,5.62
United Kingdom,GBR,2020-06-21,-0.02
United Kingdom,GBR,2020-06-28,-3.01
United Kingdom,GBR,2020-07-05,-0.65
United Kingdom,GBR,2020-07-12,-5.39
United Kingdom,GBR,2020-07-19,-2.51
United Kingdom,GBR,2020-07-26,-1.45
United Kingdom,GBR,2020-08-02,-0.42
United Kingdom,GBR,2020-08-09,-1.2
United Kingdom,GBR,2020-08-16,2.46
United Kingdom,GBR,2020-08-23,5.36
United Kingdom,GBR,2020-08-30,9.45
United Kingdom,GBR,2020-09-06,-13.48
United Kingdom,GBR,2020-09-13,5.35
United Kingdom,GBR,2020-09-20,2.38
United Kingdom,GBR,2020-09-27,1.71
United Kingdom,GBR,2020-10-04,5.34
United Kingdom,GBR,2020-10-11,1.7
United Kingdom,GBR,2020-10-18,6.46
United Kingdom,GBR,2020-10-25,11.04
United Kingdom,GBR,2020-11-01,11.26
United Kingdom,GBR,2020-11-08,14.69
United Kingdom,GBR,2020-11-15,18.62
United Kingdom,GBR,2020-11-22,20.94
United Kingdom,GBR,2020-11-29,19.79
United Kingdom,GBR,2020-12-06,15.07
United Kingdom,GBR,2020-12-13,13.13
United Kingdom,GBR,2020-12-20,11.42
United Kingdom,GBR,2020-12-27,41.23
United Kingdom,GBR,2021-01-03,25.47
United Kingdom,GBR,2021-01-10,45.17
United Kingdom,GBR,2021-01-17,26.96
United Kingdom,GBR,2021-01-24,38.22
United Kingdom,GBR,2021-01-31,41.74
United Kingdom,GBR,2021-02-07,38.48
United Kingdom,GBR,2021-02-14,26.97
United Kingdom,GBR,2021-02-21,18.05
United Kingdom,GBR,2021-02-28,8.68
United Kingdom,GBR,2021-03-07,3.44
United States,USA,2020-01-05,0
United States,USA,2020-01-12,-0.41
United States,USA,2020-01-19,-0.82
United States,USA,2020-01-26,0.73
United States,USA,2020-02-02,1.29
United States,USA,2020-02-09,1.88
United States,USA,2020-02-16,1.68
United States,USA,2020-02-23,2.97
United States,USA,2020-03-01,4.28
United States,USA,2020-03-08,4.33
United States,USA,2020-03-15,4.28
United States,USA,2020-03-22,5.89
United States,USA,2020-03-29,14.52
United States,USA,2020-04-05,31.55
United States,USA,2020-04-12,45.17
United States,USA,2020-04-19,43.14
United States,USA,2020-04-26,40
United States,USA,2020-05-03,31.34
United States,USA,2020-05-10,28.05
United States,USA,2020-05-17,24.75
United States,USA,2020-05-24,20.31
United States,USA,2020-05-31,16.94
United States,USA,2020-06-07,14.91
United States,USA,2020-06-14,13.68
United States,USA,2020-06-21,14.13
United States,USA,2020-06-28,15.48
United States,USA,2020-07-05,17.4
United States,USA,2020-07-12,22.64
United States,USA,2020-07-19,25.49
United States,USA,2020-07-26,28.28
United States,USA,2020-08-02,27.86
United States,USA,2020-08-09,26.59
United States,USA,2020-08-16,27.23
United States,USA,2020-08-23,25.2
United States,USA,2020-08-30,21.4
United States,USA,2020-09-06,19.09
United States,USA,2020-09-13,17.33
United States,USA,2020-09-20,17.36
United States,USA,2020-09-27,18.51
United States,USA,2020-10-04,15.48
United States,USA,2020-10-11,17.97
United States,USA,2020-10-18,14.75
United States,USA,2020-10-25,16.75
United States,USA,2020-11-01,18.75
United States,USA,2020-11-08,24.15
United States,USA,2020-11-15,25.49
United States,USA,2020-11-22,29.3
United States,USA,2020-11-29,31.6
United States,USA,2020-12-06,35.72
United States,USA,2020-12-13,40.45
United States,USA,2020-12-20,40.98
United States,USA,2020-12-27,40.69
United States,USA,2021-01-03,44.22
United States,USA,2021-01-10,35.82
United States,USA,2021-01-17,32.55
United States,USA,2021-01-24,27.58
United States,USA,2021-01-31,22.15
Uzbekistan,UZB,2020-01-31,9.4
Uzbekistan,UZB,2020-02-29,2.44
Uzbekistan,UZB,2020-03-31,-6.15
Uzbekistan,UZB,2020-04-30,-10.79
Uzbekistan,UZB,2020-05-31,-8.54
Uzbekistan,UZB,2020-06-30,13.36
Uzbekistan,UZB,2020-07-31,26.31
Uzbekistan,UZB,2020-08-31,68.99
Uzbekistan,UZB,2020-09-30,21.22
Uzbekistan,UZB,2020-10-31,31.14
Uzbekistan,UZB,2020-11-30,10.71
Uzbekistan,UZB,2020-12-31,6.41